customer_tweet_id,customer_message,brand_response,clean_customer_message
2341908,For some reason my watch @AppleSupport has decided to stop receiving notifications. Eveything seems to be on and correct ?,"@221762 Thanks for reaching out to us. We are always happy to help. Have you tried restarting the Apple Watch to see if the issue persists? If so, send us a DM so we can look into this with you there. https://t.co/GDrqU22YpT",For some reason my watch has decided to stop receiving notifications. Eveything seems to be on and correct ?
2775948,@AppleSupport I guess so.,"@775661 Updating to the latest version will help with this. If it is being seen in posts from other users, they will need to update their device as well.",I guess so.
305299,"Hey @115858 @AppleSupport, why is battery so crap on iOS 11? Why has this not been fixed as an issue? @116333? #batterylifematters",@188888 We'd be happy to assist with your battery today. Send us a DM to get started. https://t.co/GDrqU22YpT,"Hey , why is battery so crap on iOS 11? Why has this not been fixed as an issue? ? #batterylifematters"
2015763,i’m over @115858 i updated my iphone 6 to ios 11 and now it’s fuckt. no WAY i’m dropping $1600 on an X. thanks @AppleSupport :),@596075 Hey there. Let's look into this together. Please tap here to meet us in a DM and share a few details to get started: https://t.co/GDrqU22YpT,i’m over i updated my iphone 6 to ios 11 and now it’s fuckt. no WAY i’m dropping $1600 on an X. thanks :)
344639,@AppleSupport My receipt is from Apple and it says ordered from iTunes.,@197984 Thanks! Our iTunes Store team can look into this with you. Reach out to them here: https://t.co/SDIe7UiyJN,My receipt is from Apple and it says ordered from iTunes.
1638737,iPHONE X USERS: Anyone having issues with airdrop? I can’t get mine to work at all. #iPhoneX @115858 @AppleSupport,"@501098 We can help! What happens when you try to use AirDrop? Also, which version of iOS are you on? https://t.co/GDrqU22YpT",iPHONE X USERS: Anyone having issues with airdrop? I can’t get mine to work at all. #iPhoneX
2050602,"iOS 11.0.2 running on a 32 GB iPhone 7 Plus, microphone and speaker not working during calls. Battery drains quickly @AppleSupport",@606414 Thanks for reaching out to us. We'd like to help you and look into this further. Please DM us to continue working on this. https://t.co/GDrqU22YpT,"iOS 11.0.2 running on a 32 GB iPhone 7 Plus, microphone and speaker not working during calls. Battery drains quickly"
1933499,@115858 my phone keeps freezing with the new update. Fix it please and thank you.,@221519 Let's see what's going on with your iPhone. Please share with us in DM when this tends to happen to continue. https://t.co/GDrqU22YpT,my phone keeps freezing with the new update. Fix it please and thank you.
934272,@AppleSupport I am experiencing terrible battery life with 11.0.2 on an Iphone 7 plus. @115858 what are you people doing?!?!,@341631 We'd like to look into this with you. DM us and we'll work from there. https://t.co/GDrqU22YpT,I am experiencing terrible battery life with 11.0.2 on an Iphone 7 plus. what are you people doing?!?!
64264,"I absolutely hate this fucking thing. I hate this fucking iPhone. Too often, I can’t even remember a tweet long enough to execute it, what with all the distractions. The phone will fall asleep before I’ve finished reading; before my thought is complete. I could go on. @115858",@130741 We'd like to help you out. What iPhone are you using and its current iOS version? DM us that information and we'll get started. https://t.co/GDrqU22YpT,"I absolutely hate this fucking thing. I hate this fucking iPhone. Too often, I can’t even remember a tweet long enough to execute it, what with all the distractions. The phone will fall asleep before I’ve finished reading; before my thought is complete. I could go on."
1507334,@115858 I’d really love to be able to listen to @118062 new song on repeat but YOU WON’T LET ME DOWNLOAD IT #CallItWhatYouWant,@469840 Hi. We'd like to help. DM us and tell us which country you're located. https://t.co/GDrqU22YpT,I’d really love to be able to listen to new song on repeat but YOU WON’T LET ME DOWNLOAD IT #CallItWhatYouWant
2207636,@AppleSupport I still see boxes &amp; I updated my phone ... sooo,@645435 Thanks for reaching out. May we ask which iOS version you're currently using?,I still see boxes &amp; I updated my phone ... sooo
2616625,@AppleSupport Radio stations i used to open with Safari like https://t.co/cPbJhKf8uM don't work anymore on iOS 11 - 11.2 on iPhone X ... internet radio apps work fine,@739568 We’d like to look into this. Do you experience issues listening to any audio in the Safari app? Any issues listening to radio stations in other browsing apps?,Radio stations i used to open with Safari like don't work anymore on iOS 11 - 11.2 on iPhone X ... internet radio apps work fine
2276912,"@AppleSupport None of this is working. I've updated my IOS. Restarted. Each time I try to re-download the album, the cloud Icon pops back.",@662186 We'll dig a little deeper into this with you. Send us a DM letting us know which country you're in and we'll work from there: https://t.co/GDrqU22YpT,"None of this is working. I've updated my IOS. Restarted. Each time I try to re-download the album, the cloud Icon pops back."
1834110,"Hey @AppleSupport, I’ve got an iPhone 6 and it’s HELL since ios11! Updates don’t change a thing about the awful lag of EVERY app 😠","@174832 We'll be happy to see how we can help with this. To get started, DM us the exact iOS version your iPhone is running. https://t.co/GDrqU22YpT","Hey , I’ve got an iPhone 6 and it’s HELL since ios11! Updates don’t change a thing about the awful lag of EVERY app 😠"
2558681,"@AppleSupport Hello, should I get a new one or is it fixable 🙃? https://t.co/LLgPGqa0ly","@726359 We’d like to see what options are available for you. To start, please share with us in DM which country you are located in. https://t.co/GDrqU22YpT","Hello, should I get a new one or is it fixable 🙃?"
1007655,@AppleSupport Correct. I have upgraded each IOS11 update as they were released and am currently up to date with the latest version.,@358447 We're happy to help out the best we can. Let's meet in DM. https://t.co/GDrqU22YpT,Correct. I have upgraded each IOS11 update as they were released and am currently up to date with the latest version.
1269602,@AppleSupport Please check DM.,@417263 We received your DM. Please check there for our response.,Please check DM.
2378178,@AppleSupport How do I know when my iPhone is DONE restoring? Will it ever pop up a message/notification? Thanks! JZ,@170455 We'd like to help answer your question as best we can. Are you restoring from an iTunes or an iCloud backup? What's your iPhone model and the iOS version installed on it? DM us and we'll work from there. https://t.co/GDrqU22YpT,How do I know when my iPhone is DONE restoring? Will it ever pop up a message/notification? Thanks! JZ
162857,"@AppleSupport Yes the first time, and when i closed it and opened it again it was fixed.",@153628 Have you tried a normal restart of the device? This simple step can resolve issues like this. This article explains how to do a normal restart: https://t.co/bc6P3CZFdY,"Yes the first time, and when i closed it and opened it again it was fixed."
1698587,Right first snap now WhatsApp. @AppleSupport what’s your problem https://t.co/g8zcaZu16b,@515182 We're here to help. Let's take this to DM so we can better assist you. https://t.co/GDrqU22YpT,Right first snap now WhatsApp. what’s your problem
1841072,@applesupport any chance the hardware lighting issue down the left side of my iPad Pro 9.7” is covered under a known issue or something? https://t.co/XbTeqOhAI3,@551741 We're here for you. We'll need to gather some details and see what your options are. DM us and we'll get started. Thanks! https://t.co/GDrqU22YpT,any chance the hardware lighting issue down the left side of my iPad Pro 9.7” is covered under a known issue or something?
1265254,@AppleSupport please tell me how to mute specific messages on my Apple Watch — I’ve got group msg blowing me up all day tho muted on phone,"@190583 Let's look into this together. To get started, let us know which watchOS is installed. Do you receive notifications on the iPhone?",please tell me how to mute specific messages on my Apple Watch — I’ve got group msg blowing me up all day tho muted on phone
866281,@115858 Ok. I found out.,@323692 We are glad that you are all set. Contact us again if you need further assistance. We are here for you.,Ok. I found out.
123095,@AppleSupport iPad is on 11.0.2 and iMac is 10.12.6. Same iCloud account on all devices,"@143491 Let's update your iPad to the latest version of iOS: https://t.co/80YRnjDFDk If the issue persists after updating, send us a DM and we will continue working with you. https://t.co/GDrqU22YpT",iPad is on 11.0.2 and iMac is 10.12.6. Same iCloud account on all devices
2942116,@AppleSupport What’s going on? Without my permission anyone can gain access to my Mac!!! https://t.co/a7yJ0gerzF,@812858 We understand wanting to be secure. Could you Direct Message us so we can take a look? https://t.co/GDrqU22YpT,What’s going on? Without my permission anyone can gain access to my Mac!!!
2008070,Wtf is this new glitch thing.. @AppleSupport can u ppl get something right.,@593787 We've got steps for a temporary workaround here: https://t.co/xU1AGHStV6 Let us know in DM if you have other questions. https://t.co/GDrqU22YpT,Wtf is this new glitch thing.. can u ppl get something right.
87142,@AppleSupport these battery issues are unacceptable! What’s going on ??,@135067 We'd like to help if you're experiencing issues with your battery. Which device is this happening with? Let us know in DM. https://t.co/GDrqU22YpT,these battery issues are unacceptable! What’s going on ??
2321161,@AppleSupport my Apple Music isn’t working 😭😭😭😭😭 what’s going onnnnnnn,@672654 This is certainly not the experience we want you to have. You're in great hands for support. Could you DM us which Apple device you're using? We look forward to your response. https://t.co/GDrqU22YpT,my Apple Music isn’t working 😭😭😭😭😭 what’s going onnnnnnn
105429,Why does my Siri sound fucked up!!! Anyone else having this problem?? @AppleSupport,@139289 We'd be happy to look into this with you. Send us a DM and we'll continue working from there. https://t.co/GDrqU22YpT,Why does my Siri sound fucked up!!! Anyone else having this problem??
2207565,@645414 @115858 👁 shall only communicate in emoji,"@645413 An update has been released to assist with this issue. If you haven’t yet, please back up your device and update it to iOS 11.1.1. For more info, check out: https://t.co/4f8hwT5to6",👁 shall only communicate in emoji
1044440,@AppleSupport phone fell from 0.5 metres and front screen shattered - how is it the strongest ever ? Replace it free ?? Where in Gurgaon?,@366961 Let's follow up in DM. We'll help look into more options for you there. https://t.co/GDrqU22YpT,phone fell from 0.5 metres and front screen shattered - how is it the strongest ever ? Replace it free ?? Where in Gurgaon?
1795211,@AppleSupport Hi 🍎 Since 11. 0.2 (15A421) my iphone needs at least 2 charges within 24h. How can you help me please ? Thx.,"@539449 We released 11.0.3 yesterday. https://t.co/80YRnjDFDk If you haven't updated, please try that and let us know how it goes. https://t.co/GDrqU22YpT",Hi 🍎 Since 11. 0.2 (15A421) my iphone needs at least 2 charges within 24h. How can you help me please ? Thx.
2695079,"@AppleSupport When I’m viewing existing messages, specifically captions on Instagram. I sent DM.",@754814 Thank you! We've received your DMs and will continue with you there.,"When I’m viewing existing messages, specifically captions on Instagram. I sent DM."
1082995,@118845 second time these have broken like this come on https://t.co/3JbyDNV9EG,@375459 Thanks for reaching out. DM the country or region where you are currently located to get started. https://t.co/GDrqU22YpT,second time these have broken like this come on
2836364,"Upgrading to iOS 11.1 totally fucked up my iPhone 7. Keeps hanging every 20 seconds, like it can't keep up with my taps. Thanks @115858","@584667 Just to confirm, are you on iOS 11.1 or 11.1.1? Find out in Settings &gt; General &gt; About.","Upgrading to iOS 11.1 totally fucked up my iPhone 7. Keeps hanging every 20 seconds, like it can't keep up with my taps. Thanks"
1541121,Dear @AppleSupport since upgrading my 6s+ to ios11 I’ve been having some major issues: random freezes &amp; wonky autocowrecked issues. Help?,"@477614 We can help with both issues. To confirm, are you using iOS 11.1 now? You can check under Settings &gt; General &gt; About",Dear since upgrading my 6s+ to ios11 I’ve been having some major issues: random freezes &amp; wonky autocowrecked issues. Help?
543796,"@AppleSupport Thank you, the update fixed it!",@246320 We're very happy to hear it. Let us know if there's anything else we can assist with in the future.,"Thank you, the update fixed it!"
2547112,@AppleSupport Nothing at all as far as I can tell. It’s happened ever since I transferred to my iPhone 8+ from iPhone 6s. Another issue is album artwork is all mixed up,@723893 Do you use Apple Music or did you originally sync through iTunes on a computer? Let us know more in DM. https://t.co/GDrqU22YpT,Nothing at all as far as I can tell. It’s happened ever since I transferred to my iPhone 8+ from iPhone 6s. Another issue is album artwork is all mixed up
865934,@AppleSupport Yes I did and it’s ok now but I downloaded these apps in every new apple account...so each of my account has these apps...I don’t want to mix them...,"@285178 Sounds like the issue is fixed. It shouldn't ask you for the old Apple ID now. If it does, reach back out, we'll be here to help.",Yes I did and it’s ok now but I downloaded these apps in every new apple account...so each of my account has these apps...I don’t want to mix them...
2303158,@AppleSupport is there a way to add a selected song to an Apple Music saved playlist?,@668308 We'd like to help. Check out this link for more information: https://t.co/6WkeKmZhv6 https://t.co/GDrqU22YpT,is there a way to add a selected song to an Apple Music saved playlist?
2149876,If you could fix this stupid little box thing that would be great @115858,@631837 Here’s what you can do to work around the issue until it’s fixed in a future software update: https://t.co/xXaXeeSRt9,If you could fix this stupid little box thing that would be great
2278724,@AppleSupport I tried. This is the result 😔 https://t.co/gc010D8TjU,@662550 Have you tried on a different network or on your mobile data?,I tried. This is the result 😔
2585630,@AppleSupport I️ miss being able to say ‘I’,"@732667 An update has been released to assist with this issue. If you haven’t yet, please back up your device and update it to iOS 11.1.1. For more info, check out: https://t.co/4f8hwT5to6",I️ miss being able to say ‘I’
1742415,Yo @115858 what’s good with this new update? My phone keeps glitching when ii Type the letter “i” 🤦🏽‍♂️,@525594 Here’s what you can do to work around the issue until it’s fixed in a future software update: https://t.co/xXaXeeSRt9,Yo what’s good with this new update? My phone keeps glitching when ii Type the letter “i” 🤦🏽‍♂️
1654571,@115858 what’s with the I️ key function failure?,@504980 Here’s what you can do to work around the issue until it’s fixed in a future software update: https://t.co/xXaXeeSRt9,what’s with the I️ key function failure?
1460591,"@AppleSupport So... my boss remotely logs in to her iMac over weekends. Lately, she has been unable to and finds the computer turned off?",@459001 We're happy to look in to this with you. Did this issue start after anything in particular?,"So... my boss remotely logs in to her iMac over weekends. Lately, she has been unable to and finds the computer turned off?"
993346,"@AppleSupport I have an iPhone 7 plus. Should I update IOS 11.0.3, I am confused as I am hearing a lot of complaints about battery and all.",@299677 iOS updates contain important security upgrades as well as new features. We advise all customers to stay up to date.,"I have an iPhone 7 plus. Should I update IOS 11.0.3, I am confused as I am hearing a lot of complaints about battery and all."
2480189,The fan on my Time capsule seems to have died. Is there any way of getting it repaired @AppleSupport? Don't really want to buy another!,@708759 We may have some options for you. DM us what country you're located in to get started. https://t.co/GDrqU22YpT,The fan on my Time capsule seems to have died. Is there any way of getting it repaired ? Don't really want to buy another!
2923667,"@115858 could you please release a GOOD update to iOS 11 and all those beta versions? Nobody can take it anymore. It cracks all the time and Apple Music won’t let us search songs. I’m about to throw this iPhone away and buy an Android. So, get better, fellows.","@809047 May we have a look? To start, can you tell us which version of iOS you're currently on? Also, when you try searching in Apple Music, what happens?","could you please release a GOOD update to iOS 11 and all those beta versions? Nobody can take it anymore. It cracks all the time and Apple Music won’t let us search songs. I’m about to throw this iPhone away and buy an Android. So, get better, fellows."
2552419,@AppleSupport since upgrading the Apple Watch software the battery drains very quickly,@351168 We’d be glad to look into that more. Can you start by confirming what model Watch you have as well as the current WatchOS and iOS version your devices have installed? Let us know in DM. https://t.co/GDrqU22YpT,since upgrading the Apple Watch software the battery drains very quickly
2757505,@AppleSupport 11.1.2,@771702 Okay. Tell us what exactly is happening with your autocorrect so that we can look into this for you. Go ahead and DM us below. https://t.co/GDrqU22YpT,11.1.2
2926512,Wtf does my 7 has to do with the iphoneX software update. Quit the bs @115858,"@809702 Hi there! We'd like to assist with any issues you're having. Can you please DM us, and let us know what's happening? https://t.co/GDrqU22YpT",Wtf does my 7 has to do with the iphoneX software update. Quit the bs
2868514,"Hey @AppleSupport @117735 my week old iPhone doesn't operate...AT ALL. For $1000 I would expect a little more, or at least a Genius appt. available before MONDAY. #goingandroid",@796622 We'd love to help out. What kind of issues are you having with the iPhone?,"Hey my week old iPhone doesn't operate...AT ALL. For $1000 I would expect a little more, or at least a Genius appt. available before MONDAY. #goingandroid"
1997087,"@AppleSupport I beg you speed up my phone recovery, 3 days is taking the piss","@590505 We understand. The more info you provide, the quicker we can get you back in. Tap here for tips: https://t.co/nXAGZj0EE7 https://t.co/GDrqU22YpT","I beg you speed up my phone recovery, 3 days is taking the piss"
1674724,Dear @AppleSupport please tell how I️ can fix this 🤯,@509554 Here’s what you can do to work around the issue until it’s fixed in a future software update: https://t.co/xXaXeeSRt9,Dear please tell how I️ can fix this 🤯
1412653,@AppleSupport Yea I just updated to the latest iOS,@448280 Do the issues occur on cellular and Wi-Fi networks? Have you tried any steps on your own? This helps us to not repeat them.,Yea I just updated to the latest iOS
2001927,"Updating to iOS 11 seems to have killed my iPhone performance. All apps running in slow motion, battery life awful @115858 #iOS11 #not good",@591963 Let's help take a closer look into this with you. Please DM us the version of iOS you're using and we can go from there. https://t.co/GDrqU22YpT,"Updating to iOS 11 seems to have killed my iPhone performance. All apps running in slow motion, battery life awful #iOS11 #not good"
747772,"@AppleSupport Dear Team, My iPhone 6s Plus started misbehaving after new update. How to control him not to misbehave. #iOS10 @115858","@298750 We're excited to help. Could you give us a little more detail? The more we know, the better.","Dear Team, My iPhone 6s Plus started misbehaving after new update. How to control him not to misbehave. #iOS10"
2445252,@AppleSupport my iPhone X just dialed 911 by itself when my phone was in the holster on my waist.,"@553460 We want to make sure your iPhone X is only using Emergency SOS, when necessary. Here's how to use Emergency SOS on your iPhone X: https://t.co/OqERDeSFxl Is it possible that both the side button and Volume button were being pressed and held in your holster?",my iPhone X just dialed 911 by itself when my phone was in the holster on my waist.
1429739,"@AppleSupport My iPhone 5c is searching the network but isn't founding, and yes, i've checked my IMEI, and is it there. What is the problem?",@452054 We can help out. Let's start with these steps: https://t.co/5KootZbxj1,"My iPhone 5c is searching the network but isn't founding, and yes, i've checked my IMEI, and is it there. What is the problem?"
2872553,"@AppleSupport Yes, and it didn’t resolve the problem","@797551 Thank you for letting us know. Please send us a DM, and we'll continue working on this from there. https://t.co/GDrqU22YpT","Yes, and it didn’t resolve the problem"
2981630,@AppleSupport Yes I did. The messages I sent were after the force quit. That’s why I felt it wasn’t just a #Zombie! Well it’s #Halloween time anyway! :),"@544332 Let's get a fresh start with your Mac. If you haven't already, pause the updates you are doing then restart your Mac.",Yes I did. The messages I sent were after the force quit. That’s why I felt it wasn’t just a #Zombie! Well it’s #Halloween time anyway! :)
1598171,@180336 @AppleSupport Don’t need a stupid mermaid emoji.....I️ just want a vowel that won’t show up effed up,@495569 We know how important it is to have your auto-correct working as expected. See if this link helps: https://t.co/xXaXeeSRt9,Don’t need a stupid mermaid emoji.....I️ just want a vowel that won’t show up effed up
978353,@AppleSupport 11.0.2,"@352038 We released iOS 11.0.3 earlier today. Let's back up your iPhone and update. Then, please Tweet back for the next steps.",11.0.2
595786,"@AppleSupport at the last keynote they said the tv app was coming to the uk but there’s been no news since, any idea if that’s still happening?",@162157 We appreciate your interest and encourage you to stay up to date on Apple news here: https://t.co/gbIPLOsnZd,"at the last keynote they said the tv app was coming to the uk but there’s been no news since, any idea if that’s still happening?"
1394036,@AppleSupport i need to book an appointment in a store to pre order the X on the iPhone payment plan not the upgrade. But no one is helping.,@444200 Have you tried reaching out to our Online Sales Support team about this request? You'd reach out here: https://t.co/8yjRd1Xo0i,i need to book an appointment in a store to pre order the X on the iPhone payment plan not the upgrade. But no one is helping.
1133609,@AppleSupport The ones that came with the phone,"@272603 Next, does the iPhone charge all the way when using another Apple cable, outlet or power source?",The ones that came with the phone
2534863,"@AppleSupport It's not the battery life that's the problem, it's the fact that the decision whether to use her torch with a low battery should be hers, not yours. Giving her tips on how to extend the battery life is NOT the issue here.","@721222 We apologize for the misunderstanding. We’d like to gather some more information about what’s going on. Do you know the exact iOS version she’s running? Meet us over in DM with that, and we’ll work with you there. https://t.co/GDrqU22YpT","It's not the battery life that's the problem, it's the fact that the decision whether to use her torch with a low battery should be hers, not yours. Giving her tips on how to extend the battery life is NOT the issue here."
1211232,@AppleSupport Can you guys like just unlock it with the imei?,"@237141 For your security, it's best to get in touch with our advisors over the phone.",Can you guys like just unlock it with the imei?
1660057,@115858 fix this. https://t.co/GdCsm8gvNJ,@506432 Here’s what you can do to work around the issue until it’s fixed in a future software update: https://t.co/xXaXefaskH,fix this.
432367,@AppleSupport still having problems with my battery😡 really unhappy!!!😡,@217831 We'd like to continue working with you on this issue in a DM. Send us one using the link below. https://t.co/GDrqU22YpT,still having problems with my battery😡 really unhappy!!!😡
803115,God knows what Apple has done to iPhone 7 with is latest iOS 11 phone is lagging and even gets unresponsive sometimes @AppleSupport @115858 https://t.co/GGxZ00rqwx,@311371 We want to ensure you're able to enjoy your device. Have you been able to update to iOS 11.0.3?,God knows what Apple has done to iPhone 7 with is latest iOS 11 phone is lagging and even gets unresponsive sometimes
1703957,@115858 can we fix this glitch please?,@516511 We'd love to help with any issues you're experiencing. Please let us know what's going on to ensure we're on the same page.,can we fix this glitch please?
889175,@AppleSupport iPhone 7plus. After the last 2 updates every time I start my vehicle the Bluetooth turns on and connects even if it’s turned off,@331099 Are you suing Control Center to turn off Bluetooth &gt; that has changed a bit under iOS 11 and you'll want to use the Settings app to turn it all the way off. More info here: https://t.co/akNi7hzzzX,iPhone 7plus. After the last 2 updates every time I start my vehicle the Bluetooth turns on and connects even if it’s turned off
34667,@AppleSupport - iPhone 6S Plus suddenly losing battery life since yesterday - % goes down by the second. Any ideas on what it might be?,"@123517 We can certainly take a look into this issue and work towards a resolution. To get started, what iOS version is on the iPhone?",- iPhone 6S Plus suddenly losing battery life since yesterday - % goes down by the second. Any ideas on what it might be?
431653,One of my biggest regret in life is updating to ios 11. Took me a life time to unlock my phone sometimes. @115858 you suck.,@217622 We're here to help. Does the phone stall on the lock screen? Let us know more details.,One of my biggest regret in life is updating to ios 11. Took me a life time to unlock my phone sometimes. you suck.
1331964,"@AppleSupport Phone freezes all the time, ringer for alarm doesn’t go off consistently, etc.",@430736 We expect you to have a great experience with iOS 11. Let's work together in DM to get things working as they should be. https://t.co/GDrqU22YpT,"Phone freezes all the time, ringer for alarm doesn’t go off consistently, etc."
181414,Bruh I️ message needs a night mode like twitter and fix the little question mark in the box @AppleSupport,"@158618 Hi there! the ""I"" issue was addressed in iOS 11.1.1. You can update to fix that by following these steps: https://t.co/80YRnjDFDk",Bruh I️ message needs a night mode like twitter and fix the little question mark in the box
1305653,"@AppleSupport iOS 11.0.3, 6 won’t give me best route to/from work/home when connecting to car’s BT, even with DND off.",@425112 Let's help take a closer look. Does the same behavior happen when not connected via Bluetooth?,"iOS 11.0.3, 6 won’t give me best route to/from work/home when connecting to car’s BT, even with DND off."
1713747,@AppleSupport 11.1,@518997 Thanks! Let's continue our conversation in DM. https://t.co/GDrqU22YpT,11.1
1918921,"@AppleSupport The last two iPhones I have owned, including the one I have now, the battery drops to 20% as soon as it hits the cold air. What am I supposed to do about it?",@571452 We're here to help. DM us which iOS software you are running to continue. You can find this in Settings &gt; General &gt; About. https://t.co/GDrqU22YpT,"The last two iPhones I have owned, including the one I have now, the battery drops to 20% as soon as it hits the cold air. What am I supposed to do about it?"
2583121,@AppleSupport waited weeks for my iPhone X. Arrived with malfunctioning screen. Your solution? Order again and wait several more weeks. Seriously?,@732025 Thanks for contacting us about your device. This certainly not an experience we want you to have. We'd like to get more info. Let's meet in DM. https://t.co/GDrqU22YpT,waited weeks for my iPhone X. Arrived with malfunctioning screen. Your solution? Order again and wait several more weeks. Seriously?
1991428,@AppleSupport um why can’t my phone display the letter “I️” ? https://t.co/4TK2FoMfSD,@588909 We're here to help. DM us which type of iPhone and version of iOS you're using in Settings&gt;General&gt;About to get started: https://t.co/GDrqU22YpT,um why can’t my phone display the letter “I️” ?
90310,@135589 @AppleSupport @115858 I can confirm the behavior on my machine running 10.13.1. Absolutely unbelievable!,"@805192 We'd like to take a closer look at what's happening. DM us with more details, including what type of Mac you're using. We'll look forward to chatting with you further. https://t.co/GDrqU22YpT",I can confirm the behavior on my machine running 10.13.1. Absolutely unbelievable!
1713007,Apple also needs to fix how my music stops playing when I get a notification. I’m so annoyed. Y’all fucked up. @115858,"@518480 Let team up on this. Are you playing music from the Music app? Also, which device model and operating system are you using?",Apple also needs to fix how my music stops playing when I get a notification. I’m so annoyed. Y’all fucked up.
1197542,@AppleSupport my MacBook is showing a restricted symbol upon start up. What can I do to troubleshoot?,@401374 We're happy to help. DM us at the link below for further assistance. https://t.co/GDrqU22YpT,my MacBook is showing a restricted symbol upon start up. What can I do to troubleshoot?
2247047,@AppleSupport How do I transfer PDFs in my ibooks from one iPad to another ?,@654845 You're in the right place; we'll do all we can to help. You can share PDFs between your iOS devices with AirDrop. See how to do that here: https://t.co/VVUI2JIcyd,How do I transfer PDFs in my ibooks from one iPad to another ?
1168443,"@115858 @AppleSupport ever since I downloaded the new update, my iphone 6s keeps freezing and I have too reset it, any tips to solve this?",@394838 Let's work together on this. Send us a DM by clicking on the link below. We'll continue there. https://t.co/GDrqU22YpT,"ever since I downloaded the new update, my iphone 6s keeps freezing and I have too reset it, any tips to solve this?"
1948543,@AppleSupport how do i fix this notification? won’t go away when i delete the event. https://t.co/FoeVcJvKzC,@578922 We can definitely partner with you on this. Have you had a chance to force quit the Calendar app: https://t.co/qyCtTUs7VU,how do i fix this notification? won’t go away when i delete the event.
2734387,@AppleSupport @115858 The service at Stratford Westfield is piss poor! Get better service at a chicken and chip shop,@766378 This is not the experience we'd expect you to have. Reach out to us via DM and let us know the details. https://t.co/GDrqU22YpT,The service at Stratford Westfield is piss poor! Get better service at a chicken and chip shop
1244426,@AppleSupport I’m on 11.0.3,@411943 Thanks you for that information. Do you have any available updates for apps in the App Store? DM us back. https://t.co/GDrqU22YpT,I’m on 11.0.3
693971,"@AppleSupport got a massive issue with Customer Care, have given up with my complaint, next action legal..",@285472 We want to hear about your experience. Please send us a DM with more details. https://t.co/GDrqU22YpT,"got a massive issue with Customer Care, have given up with my complaint, next action legal.."
2143942,LOOK @115858 YALL ARE ABOUT TO PISS ME OFF WITH MY I️’s GLITCHING. FIX IT.,@630344 Here’s what you can do to work around the issue until it’s fixed in a future software update: https://t.co/xXaXeeSRt9,LOOK YALL ARE ABOUT TO PISS ME OFF WITH MY I️’s GLITCHING. FIX IT.
1053717,@AppleSupport IOS 11 and its updates have destroyed my Red IPhone 7 Plus. @2310 Battery life✖️Messaging✖️Safari✖️It’s been 3 weeks!!!!,@368978 We can certainly help get this resolved. Which version of iOS is currently installed on your iPhone?,IOS 11 and its updates have destroyed my Red IPhone 7 Plus. Battery life✖️Messaging✖️Safari✖️It’s been 3 weeks!!!!
345490,How come when I take a screenshot it doesn’t show me doing it on my screen like it doesn’t do that flash thing? @AppleSupport,"@165018 We want things working as intended. Does the screenshot option work? Let us know in DM, please. https://t.co/GDrqU22YpT",How come when I take a screenshot it doesn’t show me doing it on my screen like it doesn’t do that flash thing?
2012399,Oh hell no i just did that going to my settings to fix my “i” and i see this bull shit pop back up @115858 !? The fuck going on ?,@595066 Let's work together to get this resolved. Can you DM us the device you are using and the iOS your device is running on? https://t.co/GDrqU22YpT,Oh hell no i just did that going to my settings to fix my “i” and i see this bull shit pop back up !? The fuck going on ?
1630150,@AppleSupport Y’all the real MVP,@498949 Thank you. We hope you have a day!,Y’all the real MVP
446447,@AppleSupport Podcasts in the iOS Podcast app are perpetually downloading and never finishing. I’m on wi-fi with plenty of storage space. Please help!,"@220746 Let's work together to get those podcasts downloaded. First, can you tell us if this happens while connected to a different network as well? Also, does this happen with all episodes or just some?",Podcasts in the iOS Podcast app are perpetually downloading and never finishing. I’m on wi-fi with plenty of storage space. Please help!
1093365,".@115858 when I want to turn off Bluetooth and Wi-Fi, I really want to turn off Bluetooth and Wi-Fi. FFS! #ios11",@378035 Hey there! The controls in Control Center only disconnect. Turn them off in Settings. More info here: https://t.co/G7BHuQFeJE,". when I want to turn off Bluetooth and Wi-Fi, I really want to turn off Bluetooth and Wi-Fi. FFS! #ios11"
42621,@AppleSupport 11.1. Happening on my iPad as well so version number.,@125419 Let's move to DM for a closer look. Does it happen in all apps or only particular ones? https://t.co/GDrqU22YpT,11.1. Happening on my iPad as well so version number.
1857927,"@555564 @AppleSupport Mine drops 30-40% in less than an hour just listening to a podcast and doing basic browsing. I've optimized all I can, per guides. 👎😡","@367401 Hey there, we see you're reporting some battery issues with iOS 11. We'd love to investigate further. Please send us a DM. https://t.co/GDrqU22YpT","Mine drops 30-40% in less than an hour just listening to a podcast and doing basic browsing. I've optimized all I can, per guides. 👎😡"
1456472,@AppleSupport WHY ARE MESSAGES SENDING TWICE!?? This update is 💩💩💩😤,@458045 We’re here to help. Let’s team up in DM and we’ll do our best to assist you. https://t.co/GDrqU22YpT,WHY ARE MESSAGES SENDING TWICE!?? This update is 💩💩💩😤
878873,Lo de @115858 y sus últimas actualizaciones de iOS es lo peor que he visto en smartphones. Todos los días un problema nuevo.,@328651 We offer support via Twitter in English. Get help in Spanish here: https://t.co/IBIY3vMgPj or join https://t.co/OczyRx7IOs,Lo de y sus últimas actualizaciones de iOS es lo peor que he visto en smartphones. Todos los días un problema nuevo.
2016041,@115858 please fix this I️ correcting shit it’s beyond annoying,@596173 Thanks for reaching out. We have a workaround for this here: https://t.co/xXaXeeSRt9 DM us if you still need help. https://t.co/GDrqU22YpT,please fix this I️ correcting shit it’s beyond annoying
2278470,@AppleSupport I’m using the iPhone 7. I did not preorder. It was working fine before I updated to the new iOS,@662492 We'll get this figured out. Please send us a DM and we'll troubleshoot together. https://t.co/GDrqU22YpT,I’m using the iPhone 7. I did not preorder. It was working fine before I updated to the new iOS
552207,"@115858 @AppleSupport @24558 Ahora qué pasa, o me quedo sin el ordenador que pagué hace tres años o pago 521€ por arreglar una pantalla que haya decidido romperse porque si... No veáis la rabia que tengo ahora mismo. 😡🤬😤",@172768 We offer support via Twitter in English. Get help in Spanish here: https://t.co/IBIY3vMgPj or join https://t.co/OczyRx7IOs,"Ahora qué pasa, o me quedo sin el ordenador que pagué hace tres años o pago 521€ por arreglar una pantalla que haya decidido romperse porque si... No veáis la rabia que tengo ahora mismo. 😡🤬😤"
2434637,@AppleSupport 11.0.3 on iPhone 6S. Been installed more or less since update was available to try to fix poor battery life after the main 11 upgrade.,@123507 Got it. Let's move to DM where we can dig in. https://t.co/GDrqU22YpT,11.0.3 on iPhone 6S. Been installed more or less since update was available to try to fix poor battery life after the main 11 upgrade.
2545669,my phone been acting up and it’s not only mine @115858 got me fucked up 🙄,@723568 What's been going on with your iPhone? Send us a DM with some more details and we'll do our best to help you out. https://t.co/GDrqU22YpT,my phone been acting up and it’s not only mine got me fucked up 🙄
541201,"@AppleSupport My iPhone 8+ keeps restarting every 30 seconds, help me out here?",@245554 We've got some information that can help. Take a look at the following article and then let us know if you're still having issues: https://t.co/osZOKKTalm,"My iPhone 8+ keeps restarting every 30 seconds, help me out here?"
1386565,Why won’t my @115858 watch 3 show my calendar events?? @AppleSupport It shows birthdays and nothing else. https://t.co/eGJSz8Z63I,@442635 Let’s get your watch and iPhone Calendars in sync. Please check the mirror my iPhone as shown at the bottom of your screenshot.,Why won’t my watch 3 show my calendar events?? It shows birthdays and nothing else.
2668960,@AppleSupport I’m still not receiving calls.,"@751752 When you restored your iPhone per the steps in the article, did you restore your backup or as a new device? Let us know in DM and we'll get started. https://t.co/GDrqU22YpT",I’m still not receiving calls.
1597650,@AppleSupport why when I️ type the letter “I️” this is happening I️? I️ updated to the new iOS yesterday. I’m using a 7plus.,@490763 Hey there! Check out our article here: https://t.co/xU1AGHStV6 DM us any other questions. https://t.co/GDrqU22YpT,why when I️ type the letter “I️” this is happening I️? I️ updated to the new iOS yesterday. I’m using a 7plus.
1587388,Hey @115858 can you please fix this I️ issue? https://t.co/VUqhPnyM8N,@488276 We'd love to help! Just visit the link for steps to fix the auto-correct emoji problem https://t.co/xXaXeeSRt9,Hey can you please fix this I️ issue?
2278489,@AppleSupport When I try to record/take pictures with the camera app (both from the lock screen and from the app) it looks blurry and won’t let me capture,@662495 We want to look further into this issue. Reach us via DM to continue. https://t.co/GDrqU22YpT,When I try to record/take pictures with the camera app (both from the lock screen and from the app) it looks blurry and won’t let me capture
344402,"Hey, @AppleSupport why does my iPhone keep freezing &amp; crashing since the last update?!","@197909 Let's investigate this together. To start, tell us which iPhone you're using, and the version of iOS 11 it's on.","Hey, why does my iPhone keep freezing &amp; crashing since the last update?!"
1709177,@AppleSupport I think it worked!,"@517896 Awesome! Keep your device up to date, and please let us know if you need further assistance.",I think it worked!
637462,@AppleSupport OS Sierra on a Macbook Air,@271148 Do you know which iTunes version you're using?,OS Sierra on a Macbook Air
517150,@AppleSupport @239236 Happening to me too - i upgraded to latest ioS in order to see if it would fix the problem but the problem remains,@239237 We can help out. Are you currently on iOS 11.1.2? Are you seeing this issue with any specific apps or usage? Do you do anything to restore function?,Happening to me too - i upgraded to latest ioS in order to see if it would fix the problem but the problem remains
2554020,Been late to work twice this week since my iPhone alarm has decided to stop working. Thanks @115858 great job 👍,@725343 We'd be happy to assist you with this. Please reach out to us via DM and we'll get started. https://t.co/GDrqU22YpT,Been late to work twice this week since my iPhone alarm has decided to stop working. Thanks great job 👍
1817619,@115858 your #ios1103 has screwed up my iPhone 6. Give us the option to revert back to v10.3.3. @118721 @116333 @128511 @216880,@545971 We'd like to take a look at your iPhone 6. Let us know in DM what issues you're having after the update. We'll start there. https://t.co/GDrqU22YpT,your #ios1103 has screwed up my iPhone 6. Give us the option to revert back to v10.3.3.
553531,@115858 @AppleSupport tried everything on your website and many others NOTHING WORKS cant go on my phone without it crashing and doing this. sort your shit out,@249099 Thanks for reaching out to us for support. We would love to help you. Please DM us so that we can look into this together. https://t.co/GDrqU22YpT,tried everything on your website and many others NOTHING WORKS cant go on my phone without it crashing and doing this. sort your shit out
667036,So this stupid I️ thing keeps happening despite the alleged help from @AppleSupport and it’s moody because I️t doesn’t happen every tweet wth,@278950 Thanks for reaching out to us for support. We would love to help you. Please DM us so that we can look into this together. https://t.co/GDrqU22YpT,So this stupid I️ thing keeps happening despite the alleged help from and it’s moody because I️t doesn’t happen every tweet wth
2595560,@115858 been months and I've been trying to update my phone this keeps happening what do I do https://t.co/kV1Mh1dDfm,"@734937 We'd be glad to work with you on this. To get started, check out the ""If you can’t reach the update server or can’t verify the update"" section of this article for steps to take when you see this error: https://t.co/yiZpFcriJA Let us know if troubles continue.",been months and I've been trying to update my phone this keeps happening what do I do
94757,@AppleSupport it’s been 5-6 days when i updated to 11.1.2 and all the apps are on their latest version. So what’s next?,@136584 Thank you. Let's take a closer look into support options in DM. Send us a message with the country you're located in and we will follow up there. https://t.co/GDrqU22YpT,it’s been 5-6 days when i updated to 11.1.2 and all the apps are on their latest version. So what’s next?
2035060,Glad I got the iOS update and now I can’t make phone calls and my alarms don’t work @AppleSupport,@601663 Let's work on getting these issues resolved. Send us a DM with which device and iOS you're using and we'll get started. https://t.co/GDrqU22YpT,Glad I got the iOS update and now I can’t make phone calls and my alarms don’t work
1969758,@AppleSupport yes I have done that,"@583509 Next, have you made sure all of your recently deleted photos have been emptied? Do you also have video?",yes I have done that
1642353,"@115858 Data lost, suddenly shutdown, jumping screen after updating 7+ to iOS 11.0.3. What’s wrong?",@502016 We can take a look. Are you missing data from the iPhone? Or unable to connect to cellular data?,"Data lost, suddenly shutdown, jumping screen after updating 7+ to iOS 11.0.3. What’s wrong?"
1634102,Hey @115858 my I️ still broke https://t.co/5OLH2ZHT3T,"@499913 Let's take a look. First, we'd like to have you try the following steps and then restart afterward: https://t.co/uQeXsrrlXJ",Hey my I️ still broke
222976,@AppleSupport strobing updated app dot? #iOS11 https://t.co/r3iOUpQa61,@169256 We'd be happy to help. Send us a DM with your device details. https://t.co/GDrqU22YpT,strobing updated app dot? #iOS11
1847270,So the new @115858 software update for iPhone - frozen my phone 3 times &amp; turned itself off for 20 mins - superb 👍,"@553264 We want your iPhone working for you; we'll do all we can to help. To start, let us know the exact iOS 11 version in DM: https://t.co/GDrqU22YpT",So the new software update for iPhone - frozen my phone 3 times &amp; turned itself off for 20 mins - superb 👍
1980846,@AppleSupport Just FYI ever since I installed the new iOS my battery life has been crappy on the 7+,"@586361 Let's check into this together. Just to confirm, are you updated to iOS 11.0.3?",Just FYI ever since I installed the new iOS my battery life has been crappy on the 7+
81837,@115858 This is outrageous! I live in China and I bought a Macbook this year IN China and they won't give me support because I don't speak Chinese. #rude #MacBookPro #alliwantissomesupport #idontspeakchinese https://t.co/Un1hltn9yX,@134129 Hey there! We can provide you support here. Let us know what's going on and we can take a look at helping out today.,This is outrageous! I live in China and I bought a Macbook this year IN China and they won't give me support because I don't speak Chinese. #rude #MacBookPro #alliwantissomesupport #idontspeakchinese
244173,Hey @AppleSupport how about releasing OS11 software that is fully tested? Spending 2 hours trying to fix a crashing iPhone aint fun #os11,@173994 We’d like to understand more about this. Please DM us some details and we’ll take it from there. https://t.co/GDrqU22YpT,Hey how about releasing OS11 software that is fully tested? Spending 2 hours trying to fix a crashing iPhone aint fun #os11
1133155,@AppleSupport why is this popping up when I click the red 2? 😬 https://t.co/jTgKkqBv4o,@387008 We're here to help. Let's take this to DM so we can better assist you. https://t.co/GDrqU22YpT,why is this popping up when I click the red 2? 😬
687962,"Hey @AppleSupport Whats with your new OS High Sierra? Errors about my HDDs breaking, files and disks being corrupted, programs won't open, files won't save. Random crashes... #dontupgradetohighsierra #highsierra Nothing high about it.",@284319 We can help look into this with you. Reach out to us in DM and let us know a few errors you’re seeing and we will go from there. https://t.co/GDrqU22YpT,"Hey Whats with your new OS High Sierra? Errors about my HDDs breaking, files and disks being corrupted, programs won't open, files won't save. Random crashes... #dontupgradetohighsierra #highsierra Nothing high about it."
1541120,@AppleSupport Yes. I just updated a few days ago and don’t have access to a computer that I can sync with currently so restoring from backup is no option,@477614 We appreciate the details. Does the freezing occur in a certain app or feature? What's happening with auto correct? DM us. https://t.co/GDrqU22YpT,Yes. I just updated a few days ago and don’t have access to a computer that I can sync with currently so restoring from backup is no option
2445216,"@115858 fix this notification reply bug ...it’s irritating , thinking the text has sent and it haven’t","@183942 Let's look into this together. To start, can you let us know which device and software version you're experiencing this issue on?","fix this notification reply bug ...it’s irritating , thinking the text has sent and it haven’t"
1469340,@AppleSupport I moved my screenshots to a folder so they wouldn’t clutter but a thumbnail stuck by and stayed on top of everything in that desktop,@142083 Does this persist through a restart of your Mac?,I moved my screenshots to a folder so they wouldn’t clutter but a thumbnail stuck by and stayed on top of everything in that desktop
1080464,@AppleSupport so I DL new IOS and now my messages won’t send? #wtf,"@374881 Hi, we'll be happy to help and to start, we ask that you give the steps in this article a try: https://t.co/2hgNQH8Vvq",so I DL new IOS and now my messages won’t send? #wtf
1675505,@115858 you guys need to figure out this new update. It’s trash. My phone glitches and freezes. And that question mark shit,@508665 We are here to help. DM us your exact iOS version and we can take a look at this. https://t.co/GDrqU22YpT,you guys need to figure out this new update. It’s trash. My phone glitches and freezes. And that question mark shit
1589868,@AppleSupport is Apple Music playlist sync down? I’m having issues on an iPhone X and iPhone 6 Plus but works fine on iPad Pro 10.5,@488844 Thanks for reaching out. Is iCloud Music Library turned on for both devices? Here's how to check: https://t.co/9VQ9VywZJ2,is Apple Music playlist sync down? I’m having issues on an iPhone X and iPhone 6 Plus but works fine on iPad Pro 10.5
1942451,@AppleSupport iMessage crashed and needs update software 11.4 and improvements on iMessage bugs fix!,"@577569 Hi there! Can you give us some details about what's happening with iMessage, exactly?",iMessage crashed and needs update software 11.4 and improvements on iMessage bugs fix!
1637805,@115858 @AppleSupport how the fuck do I️ get my phone to stop fucking up the letter “I️” you guys are some goofys for this one,@500881 Here’s what you can do to work around the issue until it’s fixed in a future software update: https://t.co/xXaXeeSRt9,how the fuck do I️ get my phone to stop fucking up the letter “I️” you guys are some goofys for this one
1577323,^fix my phone @115858,@485852 We're here to help. Send us a DM with more details about what you are experiencing to get started. https://t.co/GDrqU22YpT,^fix my phone
2300366,"@AppleSupport how do we buy a new iPhone on the website? It requires a carrier plan, but this is all new.","@667659 We want to get all your questions answered, be sure to reach out to our Apple Online Store team here: https://t.co/8yjRd1Xo0i","how do we buy a new iPhone on the website? It requires a carrier plan, but this is all new."
257765,I’ve lost like 10% of my battery in ten minutes. @115858 FIX IT https://t.co/B0BKG1RKUg,@177318 We're here to help you. DM us which device you're having issues with and your OS version. https://t.co/GDrqU22YpT,I’ve lost like 10% of my battery in ten minutes. FIX IT
1264627,"#iOS11 sucks! Random lag,app freezing,Battery life worse,Control center wifi tab not working. Touch ID not working sometimes. @115858",@416126 We want to help. Would you tell us more about what's happening via DM? https://t.co/GDrqU22YpT,"#iOS11 sucks! Random lag,app freezing,Battery life worse,Control center wifi tab not working. Touch ID not working sometimes."
1643258,Ever since this update my phone has been acting weird. @AppleSupport,@502235 We're glad to help. Tell us more about what is happening in DM. We'll go from there. https://t.co/GDrqU22YpT,Ever since this update my phone has been acting weird.
1706960,"@applesupport, today’s autocorrect issue is driving me crazy. And the text replace works on twitter but not on FB or in emails.","@517303 Hey, we'd like to gather some more details. Send us a DM and we'll go from there. https://t.co/GDrqU22YpT",", today’s autocorrect issue is driving me crazy. And the text replace works on twitter but not on FB or in emails."
907442,@AppleSupport 6s just started making a v high pitched screeching noise out of the blue. running 11.0.1. It was very odd. Is it a known bug?,@335482 We have released 11.0.3. Make sure you have a backup and then go ahead and get your iPhone updated: https://t.co/80YRnjDFDk,6s just started making a v high pitched screeching noise out of the blue. running 11.0.1. It was very odd. Is it a known bug?
1594959,@AppleSupport iOS 11,@251103 Which iPhone are you using? What is your exact iOS version? Find it at Settings &gt; General &gt; About. Let us know in DM. https://t.co/GDrqU22YpT,iOS 11
1999833,@AppleSupport why is my phone doing this https://t.co/DZJ8YHby1V,@591316 We want your keyboard working for you; we'll do all we can to help. Let us know what iOS version is installed via DM: https://t.co/GDrqU22YpT,why is my phone doing this
2207536,@115858 how do I fix this glitch/bug from iOS 11.1.1 on iPhone 6S? The time doesn’t appear when waking my phone at times. https://t.co/yYBd7FSUIG,@148502 Let's look into this together. Send us a DM and we'll go from there. https://t.co/GDrqU22YpT,how do I fix this glitch/bug from iOS 11.1.1 on iPhone 6S? The time doesn’t appear when waking my phone at times.
2361628,@AppleSupport My leather case have less than 5 months and it’s already peeling and fading,@681931 We are here to help. DM us your device details and we can take a look at this. https://t.co/GDrqU22YpT,My leather case have less than 5 months and it’s already peeling and fading
2278508,Why has my phone restarted itself and now I’ve lost majority of my photos!!!! @AppleSupport 😤😤😤😤😤😤,@662500 We've got your DM and will continue with you there.,Why has my phone restarted itself and now I’ve lost majority of my photos!!!! 😤😤😤😤😤😤
1593296,@AppleSupport i️,@489682 No worries. The suggestion is a workaround it's not a replacement of the issue. Did you set up as suggested? Send us a DM. https://t.co/GDrqU22YpT,i️
1800863,@AppleSupport Pls help as i m very disappointed with apple now,@541108 We can work on your issues together. Can you provide us specific details of the issues you are having? Let us know in DM. https://t.co/GDrqU22YpT,Pls help as i m very disappointed with apple now
2000799,This update keep pissing me off 😑. @115858 get I️t together please.,@591626 Please tell us more about what's gong on with your device and update in DM. We're eager to offer any assistance we can. https://t.co/GDrqU22YpT,This update keep pissing me off 😑. get I️t together please.
584791,@AppleSupport 11.2,@258012 Thanks for clarifying that for us. Does the iPhone slow down at all before it freezes?,11.2
1643913,Love how quick @AppleSupport @115858 is to solve issues like typing i and it turning into I️ #sarcasm,@122930 Here’s what you can do to work around the issue until it’s fixed in a future software update: https://t.co/xXaXeeSRt9,Love how quick is to solve issues like typing i and it turning into I️ #sarcasm
554906,I can’t use my Apple TV because my remote won’t work and I can’t use the remote app because it’s asking me to put some code into my Apple TV and I can’t do that without the remote.🤦🏼‍♀️ @AppleSupport,"@249533 Thanks for reaching out to us for support. That is certainly not the experience that we wanted you to have with your Apple TV, and we are going to do everything we can to help you. When you have a free moment, please contact our Apple TV experts: https://t.co/IBIY3vMgPj",I can’t use my Apple TV because my remote won’t work and I can’t use the remote app because it’s asking me to put some code into my Apple TV and I can’t do that without the remote.🤦🏼‍♀️
112876,DEVOLVA MINHA BATERIA @AppleSupport MALDITA,"@141092 Since our Twitter support is available in English, get help at https://t.co/IBIY3vMgPj or join https://t.co/pvaOFfPbjt",DEVOLVA MINHA BATERIA MALDITA
1986782,"Geez. People were right. This @115858 #iPhone update makes everything 1000x slower. It's taken me a good 5-60 seconds to save any new calendar items, phone numbers, etc. #ugh https://t.co/QbZaT8yoTv",@266723 We'd like to look into this with you. Send us a DM including the iOS version installed. We'll continue there. https://t.co/GDrqU22YpT,"Geez. People were right. This #iPhone update makes everything 1000x slower. It's taken me a good 5-60 seconds to save any new calendar items, phone numbers, etc. #ugh"
2843884,@AppleSupport I mistakenly bought a digital gift card for the apple store instead of an apple itunes card. How can I fix this?,@791142 We'd like to get you pointed in the right direction for assistance with this. Reach out here: https://t.co/SDIe7UiyJN,I mistakenly bought a digital gift card for the apple store instead of an apple itunes card. How can I fix this?
982127,Dear @AppleSupport what is this coming after an attempt to upgrade my MacBook Air to High Sierra? https://t.co/eALSDIajbR,@352872 Let's check out this article: https://t.co/kssylGcBhT If you have more questions send us a DM. https://t.co/GDrqU22YpT,Dear what is this coming after an attempt to upgrade my MacBook Air to High Sierra?
1670232,@AppleSupport iPhone 6,@508466 Thanks. Please DM us so that we can troubleshoot together. https://t.co/GDrqU2kzhr,iPhone 6
308223,"If you use on iMessage on a daily basis, avoid macOS High Sierra. The new iCloud sync sucks. I keep missing texts. @115858 @AppleSupport",@144140 We'd like to help. DM us what country or region you're located in. https://t.co/GDrqU22YpT,"If you use on iMessage on a daily basis, avoid macOS High Sierra. The new iCloud sync sucks. I keep missing texts."
1420653,@AppleSupport thank you so much for your patience and assistance. You’re amazing 😉,@450271 You're quite welcome. Let us know if you have additional questions. Take care.,thank you so much for your patience and assistance. You’re amazing 😉
552193,@115858 my phone keeps restarting repeatedly. If this is a IOS bug issue pls fix it. Can’t do anything on my phone,"@248734 You're in the right place for help. Let’s make sure you have a backup, then follow the steps in this article, which includes updating to iOS version 11.2: https://t.co/osZOKKTalm If you have any questions, let us know.",my phone keeps restarting repeatedly. If this is a IOS bug issue pls fix it. Can’t do anything on my phone
1335220,@AppleSupport - So due to the lateness of my pre-order I have an iUP appt. on a day (18th Nov) I am not in the country - what should I do? https://t.co/J37WDtkJla,@431470 Our online store team can help check into that with you. You can reach them here to get started: https://t.co/8yjRd1Xo0i,- So due to the lateness of my pre-order I have an iUP appt. on a day (18th Nov) I am not in the country - what should I do?
995540,@AppleSupport can’t updatepayment method with credit card after latest iOS update. Can’t update apps. What gives?,@355814 We would like to make sure that you have tried this: https://t.co/Y0YoIRcZa7 Please let us know and we can go from there.,can’t updatepayment method with credit card after latest iOS update. Can’t update apps. What gives?
1955208,"@AppleSupport No, this happens about once every three days. The phone chooses when it wants that alarms to work",@580348 Let's delete the old alarms and create a new one five minutes into the future. Let us know in DM if this works. https://t.co/GDrqU22YpT,"No, this happens about once every three days. The phone chooses when it wants that alarms to work"
1443150,@AppleSupport my phone alarm keeps going off late,"@454860 We'd like to help out. So we're sure to be on the same page does this occur when using the Bedtime feature, directly from the alarm or both? Also, about how late is the alarm going off? Let us know and we'll take it from there.",my phone alarm keeps going off late
1975621,"Really disappointed with my new I-phone 7 plus, despite visiting service centres from Delhi to Bangalore,it's still giving problem @115858",@585060 We would like to hear the details of the issues you are facing with your iPhone. Meet us in DM please. https://t.co/GDrqU22YpT,"Really disappointed with my new I-phone 7 plus, despite visiting service centres from Delhi to Bangalore,it's still giving problem"
938167,@AppleSupport why do all my apps freeze after #ios11 &amp; battery drains fast?,@342390 We want to help get things working smoothly. What device &amp; what specific iOS build version are you currently using?,why do all my apps freeze after #ios11 &amp; battery drains fast?
793996,@AppleSupport have had a text from you saying my purchase will be delivered by 16/10 then an email saying it will be on 20/10-not the best?,@309317 Our Sales Support is in the best position to assist and can be contacted from here: https://t.co/8yjRd2eYRQ,have had a text from you saying my purchase will be delivered by 16/10 then an email saying it will be on 20/10-not the best?
793413,Dear @AppleSupport my phone freezes at least 20 times a day. Updating to iOS 11.0.3 did not fix the issue. What’s going on?? iPhone 7 btw,@309178 Please send us a DM and let us know the country you're in. https://t.co/GDrqU22YpT,Dear my phone freezes at least 20 times a day. Updating to iOS 11.0.3 did not fix the issue. What’s going on?? iPhone 7 btw
237655,@AppleSupport How do I delete this. (Documents and data) https://t.co/neYsZdSIEL,"@172587 That's a great question! So we can look into this, may we get the iOS shown in Settings &gt; General &gt; About?",How do I delete this. (Documents and data)
489724,"@AppleSupport Yes, those EarPods and latest iOS.","@231641 Does this happen if you use a different set of headphones? Also, can you tell us the exact iOS version you're using? Here's how to find it: https://t.co/ZTw54HL4Rm","Yes, those EarPods and latest iOS."
1078353,bro why tf can’t i take my phone off auto-brightness ???? @115858 IOS 11 is lowkey annoying,@374383 We'd like to help you out low key though with this helpful resource: https://t.co/bkqEVCrK2l Questions? Let us know.,bro why tf can’t i take my phone off auto-brightness ???? IOS 11 is lowkey annoying
2010109,I dropped my phone again Thursday cracking my screen even more but now my battery is dieing within 5 hours .. wtf @115858,@594393 We’re sorry to hear about your iPhone’s screen. Let’s look into best options for both issues together. DM us to begin. https://t.co/GDrqU22YpT,I dropped my phone again Thursday cracking my screen even more but now my battery is dieing within 5 hours .. wtf
1949240,"My camera roll is out of order since yesterday @AppleSupport , what can i do to get them back in order please?",@579070 We'd like to look into this with you. DM us which iOS you're on and other details about this issue and we'll help there. https://t.co/GDrqU22YpT,"My camera roll is out of order since yesterday , what can i do to get them back in order please?"
1734434,What the fuck is “I️” this @115858,@523764 Here’s what you can do to work around the issue until it’s fixed in a future software update: https://t.co/xXaXeeSRt9,What the fuck is “I️” this
1861539,@AppleSupport Yes. im running ios 11,@556375 Thanks for getting back to us with this information. Please meet us in DM so we may confirm a few more needed details with you. https://t.co/GDrqU22YpT,Yes. im running ios 11
1913228,"Every single update I’ve done recently on my iPhone has given me some kind of issue. This time, my brand new charger won’t work! Are you kidding me?!?! @115858 @AppleSupport",@569894 We'd like to help. Let's try following the steps in this article to see if we can get this resolved: https://t.co/uqxquyfdn0 DM us if you still have issues. https://t.co/GDrqU22YpT,"Every single update I’ve done recently on my iPhone has given me some kind of issue. This time, my brand new charger won’t work! Are you kidding me?!?!"
1093369,"@115858 Here’s what’s wrong: Lock screen music view App transition animations E mail inbox view sats Inbox, taking up too much space ... to be cont",@378036 We are happy to help. Let's have a closer look at things. Do you keep backups of the device in iTunes or iCloud?,"Here’s what’s wrong: Lock screen music view App transition animations E mail inbox view sats Inbox, taking up too much space ... to be cont"
1078770,Can I️ get a new update tho @AppleSupport ? I️I️,@374472 Here’s what you can do to work around the issue until it’s fixed in a future software update: https://t.co/xXaXeeSRt9 https://t.co/GDrqU22YpT,Can I️ get a new update tho ? I️I️
1724420,@AppleSupport @115858 I️ I️ I️ I️ I️ I️ I️ I️ I️ I️ I️ I️ I️ I️ I️ I️ I️ I️ I️ I️ I️ I️ I️ I️ I️ I️ I️ I️ I️ I️ I️ I️ I️ I️ I️ I️ I️ I️ I️ I️,@521572 Here’s what you can do to work around the issue until it’s fixed in a future software update: https://t.co/xXaXeeSRt9,I️ I️ I️ I️ I️ I️ I️ I️ I️ I️ I️ I️ I️ I️ I️ I️ I️ I️ I️ I️ I️ I️ I️ I️ I️ I️ I️ I️ I️ I️ I️ I️ I️ I️ I️ I️ I️ I️ I️ I️
953190,@AppleSupport hello. My home button stopped working since new update.. I have iPhone6. Any fix???,"@346163 Hey there. Check out the section ""What to do if a button or switch isn't working"" here: https://t.co/7UaSVtFf8C",hello. My home button stopped working since new update.. I have iPhone6. Any fix???
2843863,@AppleSupport Awesome! I have a 6s and I'm using Wifi. To use ITunes do I have to do it on a mac?,"@791137 You can update via iTunes on a Mac or a PC so long as it has the latest version of iTunes. For more info on how to update using iTunes, check out this article: https://t.co/80YRnjDFDk",Awesome! I have a 6s and I'm using Wifi. To use ITunes do I have to do it on a mac?
2282195,@AppleSupport can you please reply my dm,@663337 Hi there! We've received your DM and will continue there.,can you please reply my dm
2035376,"@AppleSupport Got an iPhone 6+ that has become SO SLOW after iOS 11 upgrade. What to do? And don't say, ""Buy a new iPhone."" Will reset fix?",@601745 We want your iPhone to work efficiently. Please meet us in DM and we'll work towards a solution together. https://t.co/GDrqU22YpT,"Got an iPhone 6+ that has become SO SLOW after iOS 11 upgrade. What to do? And don't say, ""Buy a new iPhone."" Will reset fix?"
869941,@AppleSupport Got it now after waiting for 1:30 hours.,@326569 Glad to hear it! Let us know if you have any further issues.,Got it now after waiting for 1:30 hours.
2144058,Man @115858 can y’all please fix this I️ glitch.. it’s getting annoying,@630377 Here’s what you can do to work around the issue until it’s fixed in a future software update: https://t.co/xXaXeeSRt9,Man can y’all please fix this I️ glitch.. it’s getting annoying
2408533,@AppleSupport But why did my phone switch it to my Apple ID randomly? I had it set up to my number and now it's only my Apple ID and I can't get it back to my number and I've tried all of the troubleshooting and nothing is working.,@603221 Were you able to complete all of the steps in the article? Is your number visible and unchecked or grayed out?,But why did my phone switch it to my Apple ID randomly? I had it set up to my number and now it's only my Apple ID and I can't get it back to my number and I've tried all of the troubleshooting and nothing is working.
2726881,Since updating my iphone 7 all it does is freeze and is so slow.. @AppleSupport sort the updates out😡😡😡😡,@764681 We want to be sure you get the most out of your iPhone's performance. We can definitely look into this further with you. Send us a DM and we'll take it from there.,Since updating my iphone 7 all it does is freeze and is so slow.. sort the updates out😡😡😡😡
157793,@AppleSupport Thank you 😊,@152255 You're welcome. Let us know if you have any further questions. We're here to help.,Thank you 😊
2639719,@AppleSupport is there anyway to check the health of my battery?,@744970 DM us the iPhone model and iOS version and we'll troubleshoot it together. https://t.co/GDrqU22YpT,is there anyway to check the health of my battery?
2111538,@AppleSupport why doesn’t screen record produce sounds when the recording is of something in Safari?,@374386 Hi. Are you following the steps here and turning on your Microphone Audio: https://t.co/4LuYBB7Kns Let us know.,why doesn’t screen record produce sounds when the recording is of something in Safari?
927569,@AppleSupport I’m having trouble getting text. Not sure if it’s a bug with the new iOS or my carrier 😞,"@340073 We can get to the bottom of this together. To begin, can you tell us what version of iOS 11 you're using?",I’m having trouble getting text. Not sure if it’s a bug with the new iOS or my carrier 😞
228739,"@AppleSupport since I've updated my iPhone6 to the last IOS11 version, I'm having unexpected stops of the OS every moment, it is frustrating","@170549 We can understand your frustration, and want to help. DM us with more details of what's happening, and the exact iOS version: https://t.co/GDrqU22YpT","since I've updated my iPhone6 to the last IOS11 version, I'm having unexpected stops of the OS every moment, it is frustrating"
993304,This new iOS update is the worst. My phone will not stop freezing @AppleSupport,@267484 This is certainly not the behavior we want you to experience. Could you DM us which iPhone and iOS 11 version you're using?,This new iOS update is the worst. My phone will not stop freezing
1086779,@AppleSupport Apple Store mgr called me. Thank you anyways,@376345 You're welcome. If you have any other questions or need more help. Feel free to reach out to us. We're here to help.,Apple Store mgr called me. Thank you anyways
1890089,"@AppleSupport, I updated my iPhone SE to 11.0.3, and the battery is draining rapidly. It won’t last a day now. Halp! 📱🔋⏲",@563660 Let's look into this together to make sure things are working correctly. Send us a DM with more information to get started. https://t.co/GDrqU22YpT,", I updated my iPhone SE to 11.0.3, and the battery is draining rapidly. It won’t last a day now. Halp! 📱🔋⏲"
996653,@AppleSupport iOS - an iPhone 6,@356001 We know how important calendar invites are so friends and family are aware of important events. What version of iOS are you running exactly? Are your calendar events saved to an iCloud or other web based account such as Gmail? Let's dig into this deeper over DM: https://t.co/GDrqU22YpT,iOS - an iPhone 6
1706762,@AppleSupport my phone is not recognizing people in photos it only shows one person 😐,@517249 Let's get you pointed in the right direction for help with this. Reach out to our Photos team here: https://t.co/IBIY3vMgPj,my phone is not recognizing people in photos it only shows one person 😐
1612673,".@115858 your ""Parental Controls"" are broken by design and by implementation. Literally unusable. Nobody even bothered to test them. This isn't the Apple I thought I knew. Don't ship broken shit. Brand new iMac and now I have to question whether that was the right choice.","@494856 We want to help you with Parental Controls. DM us, and let us know what issue you're running into. We'll look into this. https://t.co/GDrqU22YpT",". your ""Parental Controls"" are broken by design and by implementation. Literally unusable. Nobody even bothered to test them. This isn't the Apple I thought I knew. Don't ship broken shit. Brand new iMac and now I have to question whether that was the right choice."
1751442,How do I restart my phone without calling 911 SOS mode? Just had a mini heart attack. @AppleSupport,"@504997 We can help! This article goes over how the SOS function works, and how to select options: https://t.co/NOFjqtl0yV",How do I restart my phone without calling 911 SOS mode? Just had a mini heart attack.
773867,why am i so anxious over contacting @AppleSupport ??? honestly ??? i need to fix my phone but im afraid to talk to people ??,@304867 We can help you right here. What seems to be going on? https://t.co/GDrqU22YpT,why am i so anxious over contacting ??? honestly ??? i need to fix my phone but im afraid to talk to people ??
1745995,"Dear @115858, I️ have enough doubts about my life please stop injecting a question into my every thought #applebug ❓❔⁉️I️ I️ I️",@526418 Here’s what you can do to work around the issue until it’s fixed in a future software update: https://t.co/xXaXeeSRt9,"Dear , I️ have enough doubts about my life please stop injecting a question into my every thought #applebug ❓❔⁉️I️ I️ I️"
1625434,@AppleSupport @115858 have you solved the high use of battery of #ios11? Tks,@278258 We can help you with your battery issue. Please make sure you're running the latest iOS 11.1: https://t.co/80YRnjDFDk,have you solved the high use of battery of #ios11? Tks
2690855,"What's the point of encrypting iOS backups if your password doesn't work when you eventually need to restore a device? All my backup data is on my iMac and Time Machine, but not possible to access/restore. Help me @AppleSupport, you're my only hope.",@756467 We can help with encrypted backups! Please take a look at the following article for some guidance if your password isn't working: https://t.co/s6tdVSKN2A,"What's the point of encrypting iOS backups if your password doesn't work when you eventually need to restore a device? All my backup data is on my iMac and Time Machine, but not possible to access/restore. Help me , you're my only hope."
1379697,@AppleSupport why is my battery draining super fast with iOS 11?,@441190 We'd like to help. Let's take this to DM and we'll explore ways to provide you assistance. https://t.co/GDrqU22YpT,why is my battery draining super fast with iOS 11?
1831222,is it still possible to arrange the order of your homescreen apps using iTunes after the iOS11 update? @AppleSupport @115858,@247545 We'd like to help. Look here for the steps to move your apps: https://t.co/rulSouWsdQ Please DM us with further questions. https://t.co/GDrqU22YpT,is it still possible to arrange the order of your homescreen apps using iTunes after the iOS11 update?
1525130,What is up @115858 @AppleSupport with the letter I looking like this 👉🏼 I️ on my IPhone,"@473728 Hey there, can you send us a quick DM using the link below? We'll be happy to look into that with you. https://t.co/GDrqU22YpT",What is up with the letter I looking like this 👉🏼 I️ on my IPhone
2307993,@AppleSupport that didn’t help at all. 😒😑,@669487 Thanks for letting us know. Please look for our response to your DM shortly.,that didn’t help at all. 😒😑
1527032,Hey @AppleSupport just got some new AirPods and the right one doesn’t play...any thoughts?,@474180 This is not the experience we want you to have. DM us and we can take a closer look there. https://t.co/GDrqU22YpT,Hey just got some new AirPods and the right one doesn’t play...any thoughts?
51678,@115858 Yo wassup with this I️ shit? What’s good,@127606 We'd like to look in to this with you. Which iOS version is currently installed? Let us know in DM. https://t.co/GDrqU22YpT,Yo wassup with this I️ shit? What’s good
2140963,Yo uh @115858 can we get an iOS update to fix these whack ass glitches? 🙄,"@629582 We'd like to help. DM us, and we'll get started. https://t.co/GDrqU22YpT",Yo uh can we get an iOS update to fix these whack ass glitches? 🙄
1412610,@AppleSupport The newest one y’all force us to download,"@448263 Got it, thanks. Please send us a DM with you the country you live in, and we'll continue. https://t.co/GDrqU22YpT",The newest one y’all force us to download
481792,@AppleSupport The latest and greatest iPhone X and I am running the latest iOS,"@229516 If you sign into your email account from a web browser, do those deleted emails show up in the inbox or in the trash?",The latest and greatest iPhone X and I am running the latest iOS
1433726,"Yo, y’all niggas on some nut shit rn. Our phones buggin tf out. And I️ need y’all to fix that shit. @115858",@452889 Let's talk about this a bit more. Have you already updated to iOS 11.1? Let us know in DM. https://t.co/GDrqU22YpT,"Yo, y’all niggas on some nut shit rn. Our phones buggin tf out. And I️ need y’all to fix that shit."
872534,@AppleSupport I have a question regarding activating Iphone8 plus one time payment ($799) with other carrier different of AT&amp;T,"@327147 Thanks for reaching out to us. For any purchasing questions, you can reach out to us using this link here: https://t.co/8yjRd1Xo0i",I have a question regarding activating Iphone8 plus one time payment ($799) with other carrier different of AT&amp;T
161274,"@AppleSupport the latest iOS update for iPhone is absolutely unbearable. The phone is extremely slow so are the apps, now it doesn’t even sync with my car properly... I’m getting closer and closer to switching to android.... so sad, had used iPhone for 9 yrs",@153204 We'd like to look in to these issues you're experiencing. Do you notice slowness this when you're using certain apps? Has your iPhone been restarted since you first noticed the issue?,"the latest iOS update for iPhone is absolutely unbearable. The phone is extremely slow so are the apps, now it doesn’t even sync with my car properly... I’m getting closer and closer to switching to android.... so sad, had used iPhone for 9 yrs"
1714780,@115858 @AppleSupport wtf is this glitch https://t.co/eDvyW2Okvq,@519336 Here’s what you can do to work around the issue until it’s fixed in a future software update: https://t.co/xXaXeeSRt9,wtf is this glitch
57002,@115858 tf y’all doing about this “I️ “ Issue?!!!!!!,@128913 We're happy to help. Let's take a look at this further for you. Reach out to us in DM. https://t.co/GDrqU22YpT,tf y’all doing about this “I️ “ Issue?!!!!!!
885699,@AppleSupport This iOS 11 sucks and I don’t know why it continues to go slow and it freezes all the time it waste way too much of my time https://t.co/BZWSwkWLqg,@330310 Thanks for reaching out to us. We are always happy to help. Send us a DM so we can look into this together. https://t.co/GDrqU22YpT,This iOS 11 sucks and I don’t know why it continues to go slow and it freezes all the time it waste way too much of my time
2403724,@115858 guardate ho proceduto ad inviare un reclamo mediante la piattaforma Altroconsumo. E poi mi lamento su IPhone 6 da quando è stato aggiornato ad IOS 11.1.1 la batteria ridotta. Richiesta di risoluzione del problema immediato. Risposta immediata.,@691455 We offer support via Twitter in English. Contact us for help in your preferred language here: https://t.co/IBIY3vMgPj,guardate ho proceduto ad inviare un reclamo mediante la piattaforma Altroconsumo. E poi mi lamento su IPhone 6 da quando è stato aggiornato ad IOS 11.1.1 la batteria ridotta. Richiesta di risoluzione del problema immediato. Risposta immediata.
805652,Why can’t I send videos via text to android users @AppleSupport,@311980 We'd like to help. Which device and OS does this occur on? Are you getting an error when you attempt to send MMS messages?,Why can’t I send videos via text to android users
1066879,"@115858 I keep getting a pop up that says I need to download antivirus from google play, my phone is “infected”. Only on Facebook though.",@371771 Great catch! This is a phishing attempt. Arm yourself with how to handle these by checking this out: https://t.co/LNMCdqt6fD,"I keep getting a pop up that says I need to download antivirus from google play, my phone is “infected”. Only on Facebook though."
550813,@AppleSupport The newest one. Two weeks ago. I have disabled and then started again. So I go through the process of my voice with Siri and it says ready to use. I lock phone and say Hey Siri and nothing.,"@248326 Let's help make sure everything is set right. Do you currently have ""Allow Siri When Locked"" enabled under Settings &gt; Siri &amp; Search? If not, please enable the feature and then test Siri to see if the behavior continues.",The newest one. Two weeks ago. I have disabled and then started again. So I go through the process of my voice with Siri and it says ready to use. I lock phone and say Hey Siri and nothing.
2482434,"Wow @115858 ever since my update my #iphone has gotten slower and dumber, I guess I’ll take the #smart out of it and just toss it #good #job",@709250 We'd like to help. Which iOS did you update to? Let us know in DM. https://t.co/GDrqU22YpT,"Wow ever since my update my #iphone has gotten slower and dumber, I guess I’ll take the #smart out of it and just toss it #good #job"
1772880,I️ made the short cut and it worked for a solid ten minutes but now my I️ I️ I️ I️ I️ are back 😡 @AppleSupport,@524139 Let's take a look at this together. Please send us a DM to continue. Thanks! https://t.co/GDrqU2kzhr,I️ made the short cut and it worked for a solid ten minutes but now my I️ I️ I️ I️ I️ are back 😡
1577449,@115858 @AppleSupport Your update has fucked up my phone! Thanks!,@485895 We're here to help. DM us any issues you are having. https://t.co/GDrqU22YpT,Your update has fucked up my phone! Thanks!
229189,"@AppleSupport Yes, whenever I try and use “current location” it takes ages to kick in and won’t recalculate",@170658 Are you experiencing this issue on the latest version of iOS 11.0.3?,"Yes, whenever I try and use “current location” it takes ages to kick in and won’t recalculate"
2627769,@AppleSupport Got it. Thanks.,"@742182 Happy to help! Feel free to shoot us a DM if we can be of any further assistance. Our office hours are 7 days a week, from 5AM - 8PM PDT. If you contact us after business hours, rest assured we'll respond the following day. https://t.co/GDrqU22YpT",Got it. Thanks.
1400673,@115858 why my Apple Music not working,@445672 Send us a DM. Let us know more details and we'll do our best to help. https://t.co/GDrqU22YpT,why my Apple Music not working
1910244,"Yet another #ios11bug @applesupport #appstore started to update apps, but it didn’t finish all day on wifi :) https://t.co/yTtc5HPGcl","@334450 Let's look into this together. Send us a DM with the iOS version your iPhone is running, and we'll go from there. https://t.co/GDrqU22YpT","Yet another #ios11bug #appstore started to update apps, but it didn’t finish all day on wifi :)"
938214,"@AppleSupport I have an IPhone SE since updating to 11 (and all subsequent updates, so now on 11.0.3 I have had no sound from phone.","@342406 Is the issue with notification sounds, video or music playback or any sound on your device? Let us know, we'd like to help.","I have an IPhone SE since updating to 11 (and all subsequent updates, so now on 11.0.3 I have had no sound from phone."
2350751,What the hell is wrong with the letter i on the iPhone @115858 @AppleSupport,"@679435 An update has been released to assist with this issue. If you haven’t yet, please back up your device and update it to iOS 11.1.1. For more info, check out: https://t.co/4f8hwT5to6",What the hell is wrong with the letter i on the iPhone
245350,"I just wanna control my music from the lock screen, speaker phone to actually work, &amp; my phone to stop dying in 30. Fix this shit @115858",@174251 Have you updated to 11.0.2 yet? https://t.co/80YRnjDFDk DM and let us know. https://t.co/GDrqU22YpT,"I just wanna control my music from the lock screen, speaker phone to actually work, &amp; my phone to stop dying in 30. Fix this shit"
754212,Hey @115858 @AppleSupport when are the #iPhoneX cases being released? 🤔,@300273 We appreciate your interest and encourage you to stay up to date on Apple news here: https://t.co/gbIPLOsnZd,Hey when are the #iPhoneX cases being released? 🤔
308563,@AppleSupport iOS 11.0.2. Model: A1661,@189683 Let's try restarting the device and see if it helps. Here is how: https://t.co/OWRDHWSt4h https://t.co/GDrqU22YpT,iOS 11.0.2. Model: A1661
735910,my #MacBookAir is making a squeaky noise while lifting.barely a month old. @AppleSupport,@296027 Let's look into this together. Send us a DM with more info and the country you're located in. We'll go from there. https://t.co/GDrqU22YpT,my #MacBookAir is making a squeaky noise while lifting.barely a month old.
322321,"@AppleSupport Setting it to window view, only the top part of the screen zooms, unlike before where the 3 finger zoom works for the entire screen",@192786 Got it. Send us a DM and we'll take a closer look into this. https://t.co/GDrqU22YpT,"Setting it to window view, only the top part of the screen zooms, unlike before where the 3 finger zoom works for the entire screen"
436451,#AppleWatchSeries3 @AppleSupport @12131 @8180 #imobile says incorrect pin even when it’s #correct pl provide #support https://t.co/9x1x14IgHM,@208036 We're here for you. Try these steps for help with adding your card: https://t.co/Saz92f9xOE,#AppleWatchSeries3 #imobile says incorrect pin even when it’s #correct pl provide #support
2025300,"@AppleSupport iPhone 6s while receiving call, it rings but unable to see who’s calling on the screen after updating to IOS 11",@598936 We'd be happy to look into this with you more in detail. Please reach out to us via DM and we'll get started. https://t.co/GDrqU22YpT,"iPhone 6s while receiving call, it rings but unable to see who’s calling on the screen after updating to IOS 11"
2123252,"Ight @115858 @applesupport, fix this I️ shit or I’m buying galaxy fuck",@397919 Here’s what you can do to work around the issue until it’s fixed in a future software update: https://t.co/xXaXeeSRt9,"Ight , fix this I️ shit or I’m buying galaxy fuck"
1313938,@426980 @115858 @AppleSupport Y si estas cosas están muy caras como para que no funcionen bien 🙄,@426979 We offer support via Twitter in English. Get help in Spanish here: https://t.co/IBIY3vMgPj or join https://t.co/OczyRx7IOs,Y si estas cosas están muy caras como para que no funcionen bien 🙄
854552,@AppleSupport WatchOS 4. But it’s ok I’ve just bought a series 3 😀,@322954 We've got your DM and will continue with you there. Thank you! Be on the lookout for our reply.,WatchOS 4. But it’s ok I’ve just bought a series 3 😀
2543032,@AppleSupport Geez already. Upgraded to iOS 11 and the WiFi keeps kicking me out with incorrect password given. Will you fix that? Seems to be the bug here.,@722983 We'll be glad to assist you today. Does this happen for other Wi-Fi networks you connect to?,Geez already. Upgraded to iOS 11 and the WiFi keeps kicking me out with incorrect password given. Will you fix that? Seems to be the bug here.
2978152,1+2+3=23 -according to the apple calculator @AppleSupport,@821356 Thanks for reaching out. Please DM us and we'll look into this further. https://t.co/GDrqU22YpT,1+2+3=23 -according to the apple calculator
570150,"@AppleSupport I’ve upgraded to iOS 11.2, but where is the Apple Pay Cash card option? Is there somewhere else I can set this feature up? https://t.co/0vDKIAQkTl","@238548 We're glad you asked! If you're in the US, those features will require iOS 11.2 and will begin rolling out early next week.","I’ve upgraded to iOS 11.2, but where is the Apple Pay Cash card option? Is there somewhere else I can set this feature up?"
1919950,@AppleSupport Apple music keeps asking me to sign up but I am already a member. It doesn't recognize my subscription.,@571581 That's not what we'd expect to happen and we'd like to look into this. Please DM us about this Apple Music issue. https://t.co/GDrqU22YpT,Apple music keeps asking me to sign up but I am already a member. It doesn't recognize my subscription.
1626205,@AppleSupport Using Iphone 6S Plus but the battery doesn’t last long. I feel battery has issues.,"@497967 Thanks for reaching out, we'd like to look into this with you. What is your current iOS version?",Using Iphone 6S Plus but the battery doesn’t last long. I feel battery has issues.
1773157,@AppleSupport why does my IPhone 7+ keep draining out fast ever since the iOS 11 update came out???,@532920 We're here to help. Please meet us in DM and we'll take a closer look at this together. https://t.co/GDrqU22YpT,why does my IPhone 7+ keep draining out fast ever since the iOS 11 update came out???
2787894,@AppleSupport when i tried to install latest itunes version on my system. i am getting error. https://t.co/M1a4rMPKxg,@778273 We certainly want iTunes to install for you! Meet us in DM and we'll go from there. https://t.co/GDrqU22YpT,when i tried to install latest itunes version on my system. i am getting error.
2490806,"Now this stupid iPhone update locked me out of my voicemail , why can’t we just keep it how it was @115858 🤬😡",@711190 Let's look into that. Send us a DM and we'll go from there. https://t.co/GDrqU22YpT,"Now this stupid iPhone update locked me out of my voicemail , why can’t we just keep it how it was 🤬😡"
2634953,"@115858 Or released, even*",@743875 In what way is your iPhone acting strange? We'd love to help get it working in the way you expect so give as many details as you can. Feel free to DM if you'd like using the following link: https://t.co/GDrqU22YpT,"Or released, even*"
752997,"Another day, another 10 crashes before lunch courtesy of ios11. Any danger of fixing this @AppleSupport??",@299964 Let's look into that. Send us a DM and we'll go from there. https://t.co/GDrqU22YpT,"Another day, another 10 crashes before lunch courtesy of ios11. Any danger of fixing this ??"
2561805,@AppleSupport Is someone really trying to get into my apple id as it gives me notification twice or thrice in a particular day even if i am not using my device to sign into any of the 🍎 services..kindly look into this https://t.co/UNsmGgdq9C,"@727059 Thanks for reaching out to us today. We completely understand your concern with this message, and want to work with you further on this. To start, reach out to us in DM using the link below and we'll continue from there. https://t.co/GDrqU22YpT",Is someone really trying to get into my apple id as it gives me notification twice or thrice in a particular day even if i am not using my device to sign into any of the 🍎 services..kindly look into this
1149723,"@AppleSupport I live on a college campus so I’m constantly “walking to new locations” between buildings which is the root of the problem, It cant turn off","@390552 Wi-Fi can be disconnected, not disabled, in the Control Center on iOS 11. You'll want to turn that off in Settings &gt; Wi-Fi.","I live on a college campus so I’m constantly “walking to new locations” between buildings which is the root of the problem, It cant turn off"
1689399,To the @115858 battery ghost secretly turning on our bluetooth over and over again: PLEASE stop #iOS11,@512941 We'd like to help. Could you elaborate on what's happening with your bluetooth?,To the battery ghost secretly turning on our bluetooth over and over again: PLEASE stop #iOS11
2241122,Hey @AppleSupport @115858 when is the update to fix the keyboard issue coming?,"@653418 Hi there! What issues are you having with the keyboard, exactly?",Hey when is the update to fix the keyboard issue coming?
457173,@AppleSupport Yes that's the only word and it only does it when i type tha\t’ without it being plural. and my phone has the latest up to date version,"@223545 Alright, let us know which version that is in Settings &gt; General &gt; About. Did you notice that this started after anything in particular happened?",Yes that's the only word and it only does it when i type tha\t’ without it being plural. and my phone has the latest up to date version
103169,Hey @AppleSupport - Over the last few days my messages app on my iMac and MBA stopped syncing with my iMessages from my iOS devices. Any ideas on how to fix this problem? I've lost one of my favorite parts of #AppleSimplicity,"@138696 We’d love to help with your messages. To start, do you see your iMac and MacBook enabled if you tap Settings &gt; Messages &gt; Text Message Forwarding on your iPhone?",Hey - Over the last few days my messages app on my iMac and MBA stopped syncing with my iMessages from my iOS devices. Any ideas on how to fix this problem? I've lost one of my favorite parts of #AppleSimplicity
1162112,@AppleSupport I have already done the DM but there was no response from tht side!! ☹️,@393425 We would love to work with you. DM us and we'll get started: https://t.co/GDrqU22YpT,I have already done the DM but there was no response from tht side!! ☹️
1802713,Why does #iOS now autocorrect “is” to “I.S” every time? Has someone played their machine learning? @AppleSupport please fix it,@541673 We've got your back! Let's pair up in DM to take a closer look into what you are seeing on your devices. https://t.co/GDrqU22YpT,Why does #iOS now autocorrect “is” to “I.S” every time? Has someone played their machine learning? please fix it
2815633,disappointed with @115858 and their software updates on the i phones....Anyone else having issues with Spotify and so on? Considering switching to another company,@784965 We can help. Let us know more about what's happening with Spotify in DM. https://t.co/GDrqU22YpT,disappointed with and their software updates on the i phones....Anyone else having issues with Spotify and so on? Considering switching to another company
935928,#ios11 has successfully destroyed my iphone experience and loyalty thanx to @AppleSupport inability to fix the battery drain problem,@341884 We're happy to assist. Which iOS 11 version are you currently running? Go to Settings &gt; General &gt; About for the version.,#ios11 has successfully destroyed my iphone experience and loyalty thanx to inability to fix the battery drain problem
451370,"@AppleSupport Help! I’m really frustrated with iCloud. I’ve been locked out of my account after requesting account recovery. Originally I was told I’d have to wait 3 days, but the delay changed to 10 days without me doing anything—I didn’t even try to log in again.","@222033 We'd be happy to help you with this. While there is no way we can expedite recovery on our end for two-factor accounts, please be sure these all steps here are completed: https://t.co/nXAGZj0EE7 DM us if you have any other questions. https://t.co/GDrqU22YpT","Help! I’m really frustrated with iCloud. I’ve been locked out of my account after requesting account recovery. Originally I was told I’d have to wait 3 days, but the delay changed to 10 days without me doing anything—I didn’t even try to log in again."
1404100,@AppleSupport absolute disgusting customer service from the Milton Keynes Apple Store today! Please point me in the direction of complaints!,@446438 That's not what we like to hear. Send us a DM using the link below and we'll go from there. https://t.co/GDrqU22YpT,absolute disgusting customer service from the Milton Keynes Apple Store today! Please point me in the direction of complaints!
2333319,@AppleSupport Three and airplane mode. Just like the other 1000 people screwed who can't charge my 1000.00 iPad,@675306 We want you to be able to charge your iPad. Reach out to us in DM. https://t.co/GDrqU22YpT,Three and airplane mode. Just like the other 1000 people screwed who can't charge my 1000.00 iPad
2237320,@115858 @AppleSupport @2310 how y’all gon’ just ignore this glitch with the letter “I️” - like fix this $hit already ..,"@652417 We just released an update, iOS 11.1.1, to address this. Have you had a chance to update to 11.1.1 and see if it has any affect for you?",how y’all gon’ just ignore this glitch with the letter “I️” - like fix this $hit already ..
799315,@AppleSupport Iphone 6s with ios 11.0.3,"@310528 Thanks for letting us know, can you confirm what apps use the most battery via DM? Use this guide: https://t.co/2voRgjSsVf https://t.co/GDrqU22YpT",Iphone 6s with ios 11.0.3
2133435,@AppleSupport When is Apple going to release another update to fix this? https://t.co/nsvRuvC428,@627728 Here’s what you can do to work around the issue until it’s fixed in a future software update: https://t.co/xXaXeeSRt9,When is Apple going to release another update to fix this?
1408175,@115858 y'all gotta release a new update soon bc my phone is beyond acting up,@447306 Help us here. Send us a DM and we'll work together on sorting this out. https://t.co/GDrqU22YpT,y'all gotta release a new update soon bc my phone is beyond acting up
311338,@AppleSupport No the ringer ? Was able to adjust a lot easier before this update.,@190349 Be sure that your ringer isn't locked in Settings. See: https://t.co/ilgQGpzAtu,No the ringer ? Was able to adjust a lot easier before this update.
1779942,wtf ? It's impossible to process an address change @115858 or for them to figure out how to fix it ? I cannot handle incompetence from a company that says it is competent.,@534783 We'd like to better understand what's happening to see how we can help over Twitter. Please DM us more details here: https://t.co/GDrqU22YpT,wtf ? It's impossible to process an address change or for them to figure out how to fix it ? I cannot handle incompetence from a company that says it is competent.
1986848,Yo @115858 fix whatever is going on with the “I️” button on the keyboard,@588123 Let's get to the bottom of this. Which version of iOS are you on? You can find that in Settings &gt; General &gt; About. Reply in DM. https://t.co/GDrqU22YpT,Yo fix whatever is going on with the “I️” button on the keyboard
1803119,iOS 11 doesn’t talk to my car’s entertainment system anymore. Worked great on 10. Thanks @AppleSupport ! https://t.co/uIYzE9OzBI,@308952 We're happy to help. Can you tell us which version of iOS 11 you are currently using please?,iOS 11 doesn’t talk to my car’s entertainment system anymore. Worked great on 10. Thanks !
2293538,"dropped my iphone, screen not working. switched sim to another iphone, can't restore it, says iphone is disabled @AppleSupport https://t.co/vhM5euxBW2",@666019 We'd like to help in anyway we can. Please DM us more about the issue. https://t.co/GDrqU22YpT,"dropped my iphone, screen not working. switched sim to another iphone, can't restore it, says iphone is disabled"
2069386,"@AppleSupport my iPhone 7 is basically unusable. The new updates have made it freeze, glitch, and I can’t even hear anything when make calls","@611971 We're here for you! Have you tried any steps already? If not, let's start here: https://t.co/RxpRw2OfRX DM us if needed: https://t.co/GDrqU22YpT","my iPhone 7 is basically unusable. The new updates have made it freeze, glitch, and I can’t even hear anything when make calls"
1588137,".@AppleSupport add me to the list of letter symbol ""a?"" folks when attempting to refer to myself with a singular pronoun. HATE IT. FIX IT.😡😡",@488442 We're here to help. Take a look at this article with some steps to help with this issue: https://t.co/xXaXeeSRt9,". add me to the list of letter symbol ""a?"" folks when attempting to refer to myself with a singular pronoun. HATE IT. FIX IT.😡😡"
2299160,@AppleSupport I think that you not understand me! I know how to do that!!!! I’m reporting you a bug on 11.1.1 iOS.,@667353 We appreciate that and recommend providing some additional product feedback by using the following link: https://t.co/oWzjJxkvlC,I think that you not understand me! I know how to do that!!!! I’m reporting you a bug on 11.1.1 iOS.
560473,"New update is horrible. I turned my WiFi off and back on and now it won’t load anything, like I don’t have internet @AppleSupport",@251115 We'd be happy to look into this with you more in detail. Please reach out to us via DM and we'll get started. https://t.co/GDrqU22YpT,"New update is horrible. I turned my WiFi off and back on and now it won’t load anything, like I don’t have internet"
1757895,@AppleSupport if this I️ shit keeps happening I️ will switch over to Samsung y’all playing too many fucking games.,@529240 Here’s what you can do to work around the issue until it’s fixed in a future software update: https://t.co/xXaXeeSRt9,if this I️ shit keeps happening I️ will switch over to Samsung y’all playing too many fucking games.
2069977,@AppleSupport I’m guessing this isn’t normal for a MacBook Pro battery. #apple #mac https://t.co/sENwr6VelO,@580654 Let's look into this together. Send us a DM using the link below and let us know which country you're in to start. https://t.co/GDrqU22YpT,I’m guessing this isn’t normal for a MacBook Pro battery. #apple #mac
1347742,@AppleSupport In all honesty I don't know! Has always been there! News! With a red square surrounding it! Would like to be able to replace widget!,@434284 OK. Please check to see that the Apple News app is still installed on your device.,In all honesty I don't know! Has always been there! News! With a red square surrounding it! Would like to be able to replace widget!
1982451,"@AppleSupport I already have a subscription to Apple music, so why does it keep showing me this each time I try playing a song ? https://t.co/MHWw7tKjUo","@586809 Let's check into this together. Have you confirmed you're still signed in? If so, DM us which iOS version is installed: https://t.co/GDrqU22YpT","I already have a subscription to Apple music, so why does it keep showing me this each time I try playing a song ?"
2054292,@AppleSupport check dms,@250131 We'd love to help. Please DM us once more with your question. We'll be sure to look into it for you. We appreciate your patience! https://t.co/GDrqU22YpT,check dms
2364482,@AppleSupport I have the iPhone 7 and I updated my phone to IOS 11.1.1 and when I turned off the phone it would not come back on. It's been stuck in a loop on the Apple logo screen every since. I tried to restore it with iTunes and it didn’t work.,@682657 Thanks for reaching out. Let's take a look at this together. Check out this helpful article here: https://t.co/H7w57rsYVQ,I have the iPhone 7 and I updated my phone to IOS 11.1.1 and when I turned off the phone it would not come back on. It's been stuck in a loop on the Apple logo screen every since. I tried to restore it with iTunes and it didn’t work.
1706872,@AppleSupport My apps that require internet keep saying “cannot connect” or “error cannot refresh” even tho I have data or WiFi 😭,"@517279 We want to help you. Restart your iPhone as our article explains, and DM us if this still happens: https://t.co/OWRDHWSt4h https://t.co/GDrqU22YpT",My apps that require internet keep saying “cannot connect” or “error cannot refresh” even tho I have data or WiFi 😭
1450139,"@AppleSupport Yes, a couple of times - it won't recognise my wireless keyboard either, that refuses to keep its green light on - totally locked out!","@456502 Have you tried any other steps? If not, let's start with if the issue remains while in macOS Recovery: https://t.co/dwZ2UVMxdg","Yes, a couple of times - it won't recognise my wireless keyboard either, that refuses to keep its green light on - totally locked out!"
1677077,@AppleSupport what’s going on fr? Y’all got fix this I️ shit,@510133 Here’s what you can do to work around the issue until it’s fixed in a future software update: https://t.co/xXaXeeSRt9,what’s going on fr? Y’all got fix this I️ shit
1519166,@115858 why does my phone replace “with “A ?.. been doing that since the update,@472354 Let's take a look at this in DM. Let us know which exact version of iOS 11 you're using. https://t.co/GDrqU22YpT,why does my phone replace “with “A ?.. been doing that since the update
374204,@AppleSupport Also I have a lot of data I don’t want to erase such as Video games and photos,"@204720 Got it. DM us, and we'll continue. https://t.co/GDrqU22YpT",Also I have a lot of data I don’t want to erase such as Video games and photos
1706116,".@115858, please fix the 'i' bug. I can't get over it autocorrecting into a weird symbol.",@517081 Here’s what you can do to work around the issue until it’s fixed in a future software update: https://t.co/xXaXeeSRt9,". , please fix the 'i' bug. I can't get over it autocorrecting into a weird symbol."
2120181,what’s wrong with my phoneeeeeeee @115858,@624748 Hello. Tell us more about what's happening with your iPhone and we'll do our best to help.,what’s wrong with my phoneeeeeeee
1655579,yo @AppleSupport. fix this. https://t.co/iWtRNFUUct,@505243 Here’s what you can do to work around the issue until it’s fixed in a future software update: https://t.co/xXaXeeSRt9,yo . fix this.
323025,@115858 @AppleSupport Siri has gotten worse not better with new update. She gets everything wrong... even setting timers! What happened?!,"@192944 Siri is great to have! First, let's try working through a few steps to help out here: https://t.co/CLzRTZZPdw",Siri has gotten worse not better with new update. She gets everything wrong... even setting timers! What happened?!
2373249,"@AppleSupport Back camera, haven't checked the front. Restarted multiple times...",@684667 Thanks for verifying. Test with the front camera and DM us the results. We'll look further into this with you there. https://t.co/GDrqU22YpT,"Back camera, haven't checked the front. Restarted multiple times..."
2412451,@AppleSupport trying to download a free app.... payment info has disappeared for some unknown reason... now won’t accept my payment info? https://t.co/pAdWVjt3jA,@693544 We can help out. We'd want to get you in touch with our iTunes Store support here: https://t.co/SDIe7UiyJN,trying to download a free app.... payment info has disappeared for some unknown reason... now won’t accept my payment info?
2480957,"@AppleSupport my iPhone, iPod, iPad and Mac book pro all hate me 😩 stupid iPhoto, photo, log in and sharing! Waste of a Sunday afternoon!",@708901 We want to help! What is going on? https://t.co/GDrqU22YpT,"my iPhone, iPod, iPad and Mac book pro all hate me 😩 stupid iPhoto, photo, log in and sharing! Waste of a Sunday afternoon!"
1896706,@115858 this update has ruined my phone 😠,@565308 We'd like to help! Send us a DM with the country that you are located in and we will continue from there. https://t.co/GDrqU22YpT,this update has ruined my phone 😠
1351887,@AppleSupport This will be the second time I️ do this...😓,@435251 We’d like to understand more about this situation. Please DM us some details and we’ll take it from there. https://t.co/GDrqU22YpT,This will be the second time I️ do this...😓
2381322,"@AppleSupport I already reseted my iPhone. Didn't help me, but the iOS 11.1.2 is only iPhone X update.. so i don't think it will help my iPhone.. but i'm doing it right now updating to iOS 11.1.2",@274134 What model iPhone do you have? DM us and let us know. https://t.co/GDrqU22YpT,"I already reseted my iPhone. Didn't help me, but the iOS 11.1.2 is only iPhone X update.. so i don't think it will help my iPhone.. but i'm doing it right now updating to iOS 11.1.2"
1706843,Got the “i” issue fixed &amp; now my freakin Snapchat won’t work. GET IT TOGETHER @115858 @AppleSupport,@517268 Let's take a look at this further for you. Reach out to us in DM. https://t.co/GDrqU22YpT,Got the “i” issue fixed &amp; now my freakin Snapchat won’t work. GET IT TOGETHER
2708502,. @115858 my phone been slow af since the new update/release of the iphone x. U aint slick😒,"@760591 Let's take a closer look together. Which model do you have and what's the iOS version currently installed on it and have you tried any steps of your own so far? Is it slow with just one app, or overall?",. my phone been slow af since the new update/release of the iphone x. U aint slick😒
1751484,ok no rush @AppleSupport just keep us all typing I️ over and over again no need to fix it,@514223 Here’s what you can do to work around the issue until it’s fixed in a future software update: https://t.co/qODbOsp4wz,ok no rush just keep us all typing I️ over and over again no need to fix it
2507350,Anyone else using Apple Maps getting a lot of “please return the route” every 3 minutes when you’re still very much on the route? Just started lately. @115858 @AppleSupport,"@714863 Thanks for reaching out. Since these issues started has your iPhone been restarted? Let us know and confirm the iOS you're running, we're happy to help.",Anyone else using Apple Maps getting a lot of “please return the route” every 3 minutes when you’re still very much on the route? Just started lately.
209356,Ever since I updated my phone to iOS 11 my phone has been slow AF. No @115858 you aren’t gonna make me buy the new iPhone I’m poor and totally fine with my iPhone 6!,@165565 We would like to help. Are you currently running iOS 11.0.2? You can find out in Settings &gt; General &gt; About,Ever since I updated my phone to iOS 11 my phone has been slow AF. No you aren’t gonna make me buy the new iPhone I’m poor and totally fine with my iPhone 6!
1790343,"@537801 @115858 It’s a software issue and changed again with iOS 11.0.3. My dispenser knows zero about software. C’mon now. Release software, support it.",@537800 Thanks for reaching out. We'd like to know more to assist. Send us a DM using the link below and we'll continue there. https://t.co/GDrqU22YpT,"It’s a software issue and changed again with iOS 11.0.3. My dispenser knows zero about software. C’mon now. Release software, support it."
1733794,"@115858 eye feel like I️ this glitch easy to fix, y’all being lazy 😭",@487959 Here’s what you can do to work around the issue until it’s fixed in a future software update: https://t.co/xXaXeeSRt9,"eye feel like I️ this glitch easy to fix, y’all being lazy 😭"
1557163,@AppleSupport Everything is up to date. I uninstall the @126 app on a weekly basis because of this problem I have. From the reviews on App Store other people are arbitrarily experiencing problems with this app. :(,@481364 Thank you for the follow-up information. Please send us a DM so that we can look at all available options. https://t.co/GDrqU22YpT,Everything is up to date. I uninstall the app on a weekly basis because of this problem I have. From the reviews on App Store other people are arbitrarily experiencing problems with this app. :(
704479,@288344 @115858 It’s really annoying now.,"@288343 We want you to enjoy your iPhone and we'd like to help. To start, please DM us with the model of iPhone you're using and country where you're located. https://t.co/GDrqU22YpT",It’s really annoying now.
1519162,@AppleSupport ? https://t.co/aZ6EEgMPpI,@472352 Help is on the way. Send us a DM to get started. https://t.co/GDrqU22YpT,?
946653,@AppleSupport *We can unlock,@344475 We want to be sure that we understand your question. Are you referring to Face ID? Check out this link: https://t.co/JIS3AQvXeS,*We can unlock
96952,@AppleSupport When ever I screenshot anything it’s a black screen,"@788444 We'd like to help, let's continue in DM. https://t.co/GDrqU22YpT",When ever I screenshot anything it’s a black screen
2286741,Hey @AppleSupport why is the letter “I” in my recent emojis???? https://t.co/Qoy3aSQrR5,"@664430 We'll look into this with you. Does this behavior occur with all apps, or just specific apps?",Hey why is the letter “I” in my recent emojis????
2403633,@118721 @118936 @AppleSupport I haven't been able to connect to my App Store on my phone using 3G - been happening for months - why?,"@368846 Thank you for reaching out to us. We understand wanting to be able to access the App Store, and we'd be happy to help. Can you tell us which iPhone and version of software you're using? And what happens when you try to access the App Store?",I haven't been able to connect to my App Store on my phone using 3G - been happening for months - why?
750007,10 am... @AppleSupport apple watch already drop 35% battery life in 4 hours.,@198452 We're here for you. Which Apple Watch are you using?,10 am... apple watch already drop 35% battery life in 4 hours.
850444,@AppleSupport Booted safe mode...didt have any problems. Now boots in 1 minute. Is there way to see system boot info similar to when linux system booting,@322045 Great to hear it's booting faster. You can see information using Verbose Mode: https://t.co/ceCDBCPAIJ Questions? DM us. https://t.co/GDrqU22YpT,Booted safe mode...didt have any problems. Now boots in 1 minute. Is there way to see system boot info similar to when linux system booting
1662228,@AppleSupport IOS11.02 when using screenshot my phone resets more than half time.,"@506906 When you say it's resetting, is it powering off unexpectedly? If not, please let us know a few more details.",IOS11.02 when using screenshot my phone resets more than half time.
2029393,"ever since I updated my phone , it’s been slow af &amp; has a delay when I type. also had to google how to get my “i” button back🙄🤦🏽‍♀️ @115858",@600120 We'd love to help. What iPhone model and iOS version are you using? Here's how to find it: https://t.co/ZTw54HL4Rm https://t.co/GDrqU22YpT,"ever since I updated my phone , it’s been slow af &amp; has a delay when I type. also had to google how to get my “i” button back🙄🤦🏽‍♀️"
1121689,"@AppleSupport When typing certain parts of the lower keyboard go unresponsive, it’s only intermittent if you tap repeatedly a few times it usually works","@384582 Does this happen in any specific app, or is it happening with all apps?","When typing certain parts of the lower keyboard go unresponsive, it’s only intermittent if you tap repeatedly a few times it usually works"
2977706,"@AppleSupport No, if the phone locks while I’m on FaceTime the screen is useless. I can’t unlock it, use the flashlight or camera buttons, nothing.","@821241 Got it, thanks for clarifying. Let us know the iOS this occurs on in a DM and we'll continue to assist. https://t.co/GDrqU22YpT","No, if the phone locks while I’m on FaceTime the screen is useless. I can’t unlock it, use the flashlight or camera buttons, nothing."
1709224,Why does my WiFi turn on without permission? @AppleSupport,@272373 We'll be happy to look into this issue with you. DM us more details and include your device and OS as well. https://t.co/GDrqU22YpT,Why does my WiFi turn on without permission?
2210750,"@AppleSupport I just FaceTimed my girlfriend, I took pictures of her and when I went to look st them they weren’t there help me",@646167 We'd like to help. Let's take this to DM and we'll explore ways to provide you assistance. https://t.co/GDrqU22YpT,"I just FaceTimed my girlfriend, I took pictures of her and when I went to look st them they weren’t there help me"
1957960,"@AppleSupport my phone battery barely lasts half a day after updating to iOS 11, ever gonna do anything about that nah?",@580922 We'd be happy to look into your battery concerns. DM us your model iPhone &amp; the iOS 11 version installed to get started. https://t.co/GDrqU22YpT,"my phone battery barely lasts half a day after updating to iOS 11, ever gonna do anything about that nah?"
1974558,"@AppleSupport hello, what’s up with this I️ shortcut? How do we fix it?","@584745 We want you to be able to communicate clearly with your iOS device; we'll do all we can to help. To start, connect with us in DM: https://t.co/GDrqU22YpT","hello, what’s up with this I️ shortcut? How do we fix it?"
1733839,Look @115858 you are messing around with my autocorrect.. what is it with A ? And the box? You know what I️ am talking about! #FixIt,@523612 Here’s what you can do to work around the issue until it’s fixed in a future software update: https://t.co/xXaXeeSRt9,Look you are messing around with my autocorrect.. what is it with A ? And the box? You know what I️ am talking about! #FixIt
2132123,Whyyy won’t my Apple Watch track my workout on the rings?? @AppleSupport,@627444 We’d like to help get you back to enjoying your Apple Watch. Does this happen with every type of workout you start?,Whyyy won’t my Apple Watch track my workout on the rings??
303120,"@188350 @115858 I was stuck on an airplane with no Wi-Fi for 8 hours so slow reply. Many issues. Freezes, app crashes, battery drain it’s goes on.",@188349 We'd be happy to look into this with you. Send us a DM to get started. https://t.co/GDrqU22YpT,"I was stuck on an airplane with no Wi-Fi for 8 hours so slow reply. Many issues. Freezes, app crashes, battery drain it’s goes on."
145171,@115858 @AppleSupport iOS 11.1.2 on iPhone7 still has touch issues and apps don’t open the first 2-3 times &amp; get frozen. Such a painful experience!!!,"@148891 We know it's important for your iPhone to work the way you expect, and we're happy to see how we can help. Send us a DM with more information about what's going on, and we'll continue from there. https://t.co/GDrqU22YpT",iOS 11.1.2 on iPhone7 still has touch issues and apps don’t open the first 2-3 times &amp; get frozen. Such a painful experience!!!
2014237,@AppleSupport Followed your instructions and I still see the bugged ! ? look on TL https://t.co/vz1R73OGAe,"@595593 We want to take a further look into this with you. Meet us over in DM, and we’ll provide some information there. https://t.co/GDrqU22YpT",Followed your instructions and I still see the bugged ! ? look on TL
51650,HOW DO I️ FIX THIS SOMEONE HELP @AppleSupport https://t.co/oNbzVJsSdw,@127597 Let's dive into this issue together. Which iOS version is your device currently running?,HOW DO I️ FIX THIS SOMEONE HELP
707463,@AppleSupport I’m getting a weird interference/crackling/glitchy sound from only my left AirPod when music is off it gets worse.,@289132 We want to let you know we've received your DM and will continue working with you there. Look for a reply from us shortly.,I’m getting a weird interference/crackling/glitchy sound from only my left AirPod when music is off it gets worse.
1915991,@115858 yes good evening my phone is 6 months old AND THIS UPDATE DONE FUCKED MY PHONE FIX IT PLS,@570701 We're in your corner. We'd love to help you with your device. Please DM your model and country so we can see your options. https://t.co/GDrqU22YpT,yes good evening my phone is 6 months old AND THIS UPDATE DONE FUCKED MY PHONE FIX IT PLS
2179975,@AppleSupport was in Safari &amp; this popped up. I’m thinking it’s phishing. I cleared history and cookies. Any advice? https://t.co/tiWKGegSjf,@303600 Let's get this resolved. We actually have an article that addresses this. Give these steps a shot: https://t.co/qr0pQfKgYD,was in Safari &amp; this popped up. I’m thinking it’s phishing. I cleared history and cookies. Any advice?
337009,"@196406 @AppleSupport I have the same issue on my new iPhone 8+. WiFi works great for a bit, then just stops. Restarted phone and toggled airplane several times","@196407 We'll help you out! Send us a DM, and we can work with you from there. https://t.co/GDrqU22YpT","I have the same issue on my new iPhone 8+. WiFi works great for a bit, then just stops. Restarted phone and toggled airplane several times"
1412654,"@115858 since the new update my phone doesn’t work as it should! Whatsapp widgets, view my music on lock, speakerphone not always on #apple","@448280 Let’s work together to get your iPhone working as expected. To start, can you tell us the version of iOS 11 it’s on?","since the new update my phone doesn’t work as it should! Whatsapp widgets, view my music on lock, speakerphone not always on #apple"
1640766,Can anyone explain why iOS is trying to autocorrect “I️” to some weird combo of unsupported emoji? Bug? @AppleSupport https://t.co/QneaHqveyl,@501607 Here’s what you can do to work around the issue until it’s fixed in a future software update: https://t.co/xXaXeeSRt9,Can anyone explain why iOS is trying to autocorrect “I️” to some weird combo of unsupported emoji? Bug?
643437,"@AppleSupport Mail running on 2 computers. Identical settings in app. One will allow emails to be sent, the other will not. Known issue?",@268041 We'd love to help! Are they both running the same version of macOS? Do you get an error message on the one not sending mail?,"Mail running on 2 computers. Identical settings in app. One will allow emails to be sent, the other will not. Known issue?"
658013,@AppleSupport trying to install apps from the App Store and the just keep buffering and nothing happens,"@276644 Thank you for reaching out to us. Let’s work together to find the best course of action for this issue. To start, what device model and software version are you using? https://t.co/GDrqU22YpT",trying to install apps from the App Store and the just keep buffering and nothing happens
1951694,@579604 @115858 @AppleSupport I am in the same boat. This whole process is nonsense. I am still jumping through Apple's hoops 48 hours later.,@579629 We'd love to help get you pointed in the right direction for questions about your reservation. Please DM us to continue. https://t.co/GDrqU22YpT,I am in the same boat. This whole process is nonsense. I am still jumping through Apple's hoops 48 hours later.
757850,"@AppleSupport App crashes, hiccups in the UI, battery drain and bugs throughout the OS. It feels like it is still in beta","@301101 Thanks for getting us this information. If you go into Settings &gt; General &gt; About, what does it show there for the Version?","App crashes, hiccups in the UI, battery drain and bugs throughout the OS. It feels like it is still in beta"
324521,"@AppleSupport Any way I can download old podcast software? Current v useless, idea of Stations doesn’t work. No instructions anyway.","@193306 You wouldn't be able to revert, but we welcome feedback here: https://t.co/eTPVYVFyd8 We can help to look into this together too.","Any way I can download old podcast software? Current v useless, idea of Stations doesn’t work. No instructions anyway."
1168601,@AppleSupport When I updated to iOS 11 the touch screen didn't work due to the fact it's an third party screen replacement. Would it be the same on 11.3 ?,@394877 We'd like to get more information. Send us a DM and we will go from there. https://t.co/GDrqU22YpT,When I updated to iOS 11 the touch screen didn't work due to the fact it's an third party screen replacement. Would it be the same on 11.3 ?
1919541,"I love how broken iOS 11 is (11.0.3). Songs double up on shuffle,and even loops between a three or four songs. @115858 FIX IT NOW!!!","@566597 We want to make sure we keep your music playing, on the right track. Meet us in DM and we'd be more than happy to help you. https://t.co/GDrqU22YpT","I love how broken iOS 11 is (11.0.3). Songs double up on shuffle,and even loops between a three or four songs. FIX IT NOW!!!"
1247829,@AppleSupport Just have had to restart it a handful of times in the past couple of days.,@412767 Good information. Let's look into this further. Please send us a DM telling us which iPhone you have and its version. https://t.co/GDrqU22YpT,Just have had to restart it a handful of times in the past couple of days.
171758,@AppleSupport is this real? https://t.co/N02T2i2Ud3,@156110 This would be a phishing attempt. You can read more on that here: https://t.co/6Ye6EtSytB,is this real?
1363284,@AppleSupport Hello @AppleSupport . This prblem still exists. In addition to this there are few other issues too.I'm surpised by how buggy the new ios is.,"@437431 Hey, let's meet in DM so we can gather some more details. We'll work with you from there. https://t.co/GDrqU22YpT",Hello . This prblem still exists. In addition to this there are few other issues too.I'm surpised by how buggy the new ios is.
2479121,@AppleSupport Just disabled restrictions again and get the same issue. Very odd,"@708506 Thanks for letting us know. If you have not tried already, please restart the iPhone. https://t.co/n9BF3L9h6y If you're still having issues, please send us a DM so we can better assist you. https://t.co/GDrqU22YpT",Just disabled restrictions again and get the same issue. Very odd
859187,Ho installato aggiornamenti 11.0.1 11.0.2. Ho problemi con chiamate verso il mio cellulare. E batteria che si scarica @applesupport 11.0.1,@324003 We offer support via Twitter in English. Contact us for help in your preferred language here: https://t.co/IBIY3vMgPj,Ho installato aggiornamenti 11.0.1 11.0.2. Ho problemi con chiamate verso il mio cellulare. E batteria che si scarica 11.0.1
663902,"@AppleSupport I have removed all Google products, which are required by my job, run minimal apps, reset the PRAM, SMC, dyld caches, reinstalled High Sierra. Everything, yet I continual get lags and crashes. I share everything with Apple so you should be receiving the reports","@154042 Thank you for those details! Next, what we would recommend, is testing this issue in another user account. Let's log out of your current user, and log back in as a test user (or create a test account) and see if the same issue occurs there. Let us know how that goes.","I have removed all Google products, which are required by my job, run minimal apps, reset the PRAM, SMC, dyld caches, reinstalled High Sierra. Everything, yet I continual get lags and crashes. I share everything with Apple so you should be receiving the reports"
2309821,"@AppleSupport Got it, Thank You",@669920 No problem and just reach out if you need help again. Have a good one!,"Got it, Thank You"
656270,Trying to set up my new phone and back it up but I got this. Help please @AppleSupport https://t.co/SRffScfMcP,"@276131 We'll gladly lend a hand, so you can restore all of your important data back to your new iPhone. First, can you tell us which iOS version is currently installed on this iPhone? Also, what was the iOS version installed on the device that this backup is from?",Trying to set up my new phone and back it up but I got this. Help please
35291,@AppleSupport I will. Have not😉,@123691 Sounds good! Do you have any app updates available? Let us know if it persists once you restart.,I will. Have not😉
612883,"@AppleSupport My iPhone won't let me update the new iOS I've been trying for almost a month and it won't let me, i have and iPhone 7!!",@645373 Thanks for reaching out to us. We certainly want to help out with this. Have you tried updating using iTunes?,"My iPhone won't let me update the new iOS I've been trying for almost a month and it won't let me, i have and iPhone 7!!"
2490823,.@116333 love my new iPhone X except the part where i can’t use messages ....screen record is cool though https://t.co/U19Q1qJKve,@711195 We'd like to take a look at this with you. Can you send us a DM? https://t.co/GDrqU22YpT,. love my new iPhone X except the part where i can’t use messages ....screen record is cool though
1632376,@AppleSupport EXCUSE ME I UPDATED MY PHONE ALREADY WHY AM I STILL NOT ABLE TO SEE PPLS EMOJIS AND THERES QUESTION MARKS EVERYWHERE,@499507 We're here for you. DM us which iPhone you have and the iOS version. Settings &gt; General &gt; About. https://t.co/GDrqU22YpT,EXCUSE ME I UPDATED MY PHONE ALREADY WHY AM I STILL NOT ABLE TO SEE PPLS EMOJIS AND THERES QUESTION MARKS EVERYWHERE
1616743,@AppleSupport can you fix the “I️” glitch please,@495785 Thank you for contacting us for support. We'd like to help out. Let us know if this article helps: https://t.co/sDSg93LaFu,can you fix the “I️” glitch please
871044,@326817 @AppleSupport Omg I lost like a handful a video from iCloud when I updated 😢. They vanished as I was looking at them,"@326816 We can help. Tell us which device you noticed this on, and we’ll take it from there.",Omg I lost like a handful a video from iCloud when I updated 😢. They vanished as I was looking at them
794096,Con iOS 11.02 ya no se están generando las notificaciones de las apps. Sólo después de abrirlas manualmente @AppleSupport,@309348 We offer support via Twitter in English. Get help in Spanish here: https://t.co/IBIY3vMgPj or join https://t.co/OczyRx7IOs,Con iOS 11.02 ya no se están generando las notificaciones de las apps. Sólo después de abrirlas manualmente
1138324,@AppleSupport Best wait till I get home as no wifi. It’s been getting quite warm charging today too,"@142168 That's sounds good. We're in the office daily, 5am-8pm Pacific.",Best wait till I get home as no wifi. It’s been getting quite warm charging today too
1434838,@AppleSupport what is this??? 😡 https://t.co/q5FktQMISi,@453144 Thank you for reaching out to us today. We want to get you back to your music. Are you connected to Wi-Fi when this happens?,what is this??? 😡
2048957,My phone been tweaking since I update iono like it @115858,@605956 Let's see if we can help. Have you updated to iOS 11.0.2? Let us know in DM and we'll work together to get it fixed. https://t.co/GDrqU2kzhr,My phone been tweaking since I update iono like it
2002532,It used to be where it says “music” now I️ have to go all the way into the app. Y’all really doing stupid shit @115858,@195284 We'd like to look into this with you. Please let us know in DM which iOS 11 version your device is running to continue. https://t.co/GDrqU22YpT,It used to be where it says “music” now I️ have to go all the way into the app. Y’all really doing stupid shit
2320661,This is so fucking annoying. When im looking at my tweet it doesn’t do that shit but as soon as (I️) tweet it it shows up like this what the FUCK @AppleSupport,@672559 We'd like to help. Let's take this to DM and we'll explore ways to provide you assistance. https://t.co/GDrqU22YpT,This is so fucking annoying. When im looking at my tweet it doesn’t do that shit but as soon as (I️) tweet it it shows up like this what the FUCK
1185856,@AppleSupport Nope – it just restarted and ‘updated’ as usual... Tried it a few times and still have the same issue (same on iPad)!,@398843 Let's take a closer look into this in DM. Send us a message and we'll follow up there. https://t.co/GDrqU22YpT,Nope – it just restarted and ‘updated’ as usual... Tried it a few times and still have the same issue (same on iPad)!
1167814,@AppleSupport Its set to 2 mins. But the phone is locking itself even when i am using it. So not the autolock feature u see. I would hv known that. https://t.co/85BcZtfT0f,@394682 Thanks for the screenshot. How frequently is your iPhone locking? Do you see a loading symbol or Apple logo when this occurs?,Its set to 2 mins. But the phone is locking itself even when i am using it. So not the autolock feature u see. I would hv known that.
1342761,@AppleSupport any idea why this came up on my phone? https://t.co/j7E7QYDsE0,@433164 We want to help. Let's continue in DM. https://t.co/GDrqU22YpT,any idea why this came up on my phone?
878877,@AppleSupport iTunes won’t use my available credit as payment anymore. Wants credit card for purchases.,@328653 Our iTunes Store support can have a look at this for you. Reach out here: https://t.co/SDIe7UiyJN,iTunes won’t use my available credit as payment anymore. Wants credit card for purchases.
54441,@AppleSupport Yes. Looking for ways to minimize ipad data use while tethered through iPhone on cellular.,"@128324 Turning off Background App Refresh is a great step, as well as turning off Automatic Updates under Settings &gt; iTunes &amp; App Store.",Yes. Looking for ways to minimize ipad data use while tethered through iPhone on cellular.
1866207,@AppleSupport @115858 has just LOST it ! Or else why wud they design the AirPods so ridiculously making them SO vulnerable to getting LOST?👎🏿 https://t.co/POQBxogH0Y,"@557542 We're happy to help. If your AirPods are lost, take a look here: https://t.co/sMCNuI7kik DM us if you have any questions. https://t.co/GDrqU22YpT",has just LOST it ! Or else why wud they design the AirPods so ridiculously making them SO vulnerable to getting LOST?👎🏿
1771783,Anyone else having a blank lock screen with iPhone X? Had that with my 7 Plus. Assuming it’s an iOS problem. @AppleSupport #iOS11 #iPhoneX,@532558 Thanks for reaching out. Let's take a closer look at this together. Send us a DM with your current iOS version below. https://t.co/GDrqU22YpT,Anyone else having a blank lock screen with iPhone X? Had that with my 7 Plus. Assuming it’s an iOS problem. #iOS11 #iPhoneX
228595,How does my phone lose battery while it’s charging??? How Sway?? @AppleSupport,"@170503 We'd be happy to look into this with you. Can you tell us which iPhone and version of software you're using? Also, when did this issue begin?",How does my phone lose battery while it’s charging??? How Sway??
2948345,@AppleSupport I DROPPED MY HEADPHONES IN THE TOILET AND IT BROKE ONE SIDE,@814277 We'd like to look into this and let you know what options you have. Let us know in DM what country you are located in. https://t.co/GDrqU22YpT,I DROPPED MY HEADPHONES IN THE TOILET AND IT BROKE ONE SIDE
1271073,@AppleSupport Can I pre-order Iphone X with apple store app ?,"@417591 You sure can. For more details on pre-orders, check out this link: https://t.co/xig2MmvJ3H",Can I pre-order Iphone X with apple store app ?
1989294,Yo @115858 fix your IOS11 battery life this is unacceptable https://t.co/BvSsnIjtuX,@588715 We understand battery life is important and want to help. Please DM us about this and we'll continue there. https://t.co/GDrqU22YpT,Yo fix your IOS11 battery life this is unacceptable
892833,"@AppleSupport the latest fix has STILL NOT helped!! Slow response time, iMessage lags behind in typing, and battery drain is crazy! Fix it!",@332002 We're here to help. Please meet us in DM and we'll take a look at this together. https://t.co/GDrqU22YpT,"the latest fix has STILL NOT helped!! Slow response time, iMessage lags behind in typing, and battery drain is crazy! Fix it!"
2947142,"@AppleSupport Hi, How do I track my Case Number?",@188219 Hello. We understand the importance of tracking your case with us. Please send us a DM so we can look into it with you. https://t.co/GDrqU22YpT,"Hi, How do I track my Case Number?"
2069631,Hey @115858 just wondering why you can't make a charging cord that lasts longer than a few months. They are garbage and should be free.,"@612053 Hey there. We'll be glad to look into this with you, and check your options for a replacement. Please DM us here: https://t.co/GDrqU22YpT",Hey just wondering why you can't make a charging cord that lasts longer than a few months. They are garbage and should be free.
2207522,Why does my battery go down when I charge it AND go up 10-20% instantly when I plug the charger in @AppleSupport,"@645405 We'd love to help with your charging problem! Which version of iOS are you updated to? Are you using an Apple certified charger, or a third party charger? Send us a DM with your device type and iOS version so we can look into this further. https://t.co/GDrqU22YpT",Why does my battery go down when I charge it AND go up 10-20% instantly when I plug the charger in
2113772,@115858 @AppleSupport so when do y’all plan on fixing the I️?,@623231 Thanks for reaching out. We have a workaround for this here: https://t.co/xXaXeeSRt9 DM us if you still need help.,so when do y’all plan on fixing the I️?
823607,@AppleSupport the newest update keeps making all my apps crash or not even open at all. I can't even get into my settings #iOS #iPhone6,"@316192 Let's get you back into your iPhone. Have you tried restarting it since updating? If not, let's try that now.",the newest update keeps making all my apps crash or not even open at all. I can't even get into my settings #iOS #iPhone6
2734385,@115858 Another update needed to save battery life on everyone’s iPhones please?,@766377 We'd be happy to look into your battery with you. DM us the device and iOS version we're working with and we'll get started. https://t.co/GDrqU22YpT,Another update needed to save battery life on everyone’s iPhones please?
1365541,"@AppleSupport my #iphonex reservation number received this morning, is now showing as invalid, any ideas?",@154803 We're here for you. You'll want to get in touch with our Sales team here: https://t.co/8yjRd1Xo0i,"my #iphonex reservation number received this morning, is now showing as invalid, any ideas?"
1896082,@AppleSupport is it possible for me to change Apple ID stores without losing my money on current Apple ID account ???? Thanks homies,@565140 Our iTunes Store experts can assist you with that. You can get in touch with them here: https://t.co/SDIe7UiyJN https://t.co/GDrqU22YpT,is it possible for me to change Apple ID stores without losing my money on current Apple ID account ???? Thanks homies
2945763,@AppleSupport will an iPhone 7 bought in USA have a valid warranty in India?,@152255 We'd be happy to look over warranty options overseas. Go ahead and DM us and we'll continue there. https://t.co/GDrqU22YpT,will an iPhone 7 bought in USA have a valid warranty in India?
1709255,@AppleSupport 1. Frozen screens 2. When I get calls starts ringing but it takes 15s to show caller ID 3. Slow as a #turtle 4. I Had to buy a battery case,@517922 Meet us in DM so that we can look into this further with you. https://t.co/GDrqU22YpT,1. Frozen screens 2. When I get calls starts ringing but it takes 15s to show caller ID 3. Slow as a #turtle 4. I Had to buy a battery case
1595984,Trying to avoid using ‘I’ in any of my tweets since @115858 wants to fuck up.,@282912 We'd like to help. Check out the steps here: https://t.co/xXaXeeSRt9,Trying to avoid using ‘I’ in any of my tweets since wants to fuck up.
557727,@AppleSupport I mean my photos and videos. They just vanished from my device.,@250259 So they're missing from the Photos app?,I mean my photos and videos. They just vanished from my device.
1850862,@115858 wtf did u do to my phone battery life with the last upgrade!!!!! Fix this battery drain!!!!,@554048 We'd like some details to help. Send us a DM with the iPhone model this occurs on and we'll continue. https://t.co/GDrqU22YpT,wtf did u do to my phone battery life with the last upgrade!!!!! Fix this battery drain!!!!
1434160,"@AppleSupport Seriously, come on.","@327974 We’d like to offer our support. Which iPhone do you use? Also, which version of OS is running on your iPhone and Watch?","Seriously, come on."
1252454,@AppleSupport Ah the cloud What a brilliant thing Now contacts isn't working What's going on w you lot??? #RottenApple,@413800 Let's look at what's going on with your iCloud Contacts. DM us details on what you mean by they are not working and we'll work towards a resolution with you. https://t.co/GDrqU22YpT,Ah the cloud What a brilliant thing Now contacts isn't working What's going on w you lot??? #RottenApple
25266,@AppleSupport Latest,@121463 Let's take a closer look into this issue within a DM. Select the following link to join us there to continue. https://t.co/GDrqU22YpT,Latest
1443388,"@AppleSupport how do I get rid of ""a problem occurred with this web page so it was reloaded""?","@454903 Hey, we can offer some suggestions. First, which device and software version is this occurring on? Have you tried a restart?","how do I get rid of ""a problem occurred with this web page so it was reloaded""?"
2294113,@AppleSupport hey man were it's my bar WTF YOU stilling meGO HELL APPLE https://t.co/Rnd5OqFz9y,@583173 We'd like to help. Send us over a DM with more details and we'll go from there. https://t.co/GDrqU22YpT,hey man were it's my bar WTF YOU stilling meGO HELL APPLE
2287389,Jesus. Why is getting a new iPhone and restoring your backup onto it a bigger and more laborious pain in the arse than it was 10 years ago?! @AppleSupport,@664586 Congrats on your new iPhone. We'd love to help get your data transferred. What issues are you running into?,Jesus. Why is getting a new iPhone and restoring your backup onto it a bigger and more laborious pain in the arse than it was 10 years ago?!
2484253,Should never had updated to Sierra High... just stuck waiting and waiting to open my bloody computer @AppleSupport can someone help me :( https://t.co/IslGAVIuCF,@709702 This is not the experience we want you to have. We want to help. DM us with more details about what happened and we can look into it. https://t.co/GDrqU22YpT,Should never had updated to Sierra High... just stuck waiting and waiting to open my bloody computer can someone help me :(
655227,"@116333 iOS 11.1 beta 👎 The battery lasts nothing is very bad this beta, solve the problem now",@275868 We'd be happy to look into your battery performance. Send us a DM and we'll go from there. https://t.co/GDrqU22YpT,"iOS 11.1 beta 👎 The battery lasts nothing is very bad this beta, solve the problem now"
1791799,"@AppleSupport I have the 6S. Ever since the big update, the Bluetooth and WiFi turn on automatically.",@538191 Are you turning them off through the Control Center? The Control Center has changed with iOS 11: https://t.co/G7BHuQnDS6,"I have the 6S. Ever since the big update, the Bluetooth and WiFi turn on automatically."
1346184,"How does one download Safari for Windows, @AppleSupport? https://t.co/pJXWY7bZ2J redirects to https://t.co/CHoTRLYDed, no download link",@433909 Safari is not available as a download for the Windows operating system.,"How does one download Safari for Windows, ? redirects to no download link"
2976320,@170480 @AppleSupport @115858 What the hell is this 3months old IPhone ... https://t.co/I5SPxq5oc4,"@820842 Wow! That is quite an issue you shared with us. Thank you for the video. We would love to work with you and get this resolved today, for sure. Which iOS version are you running on that iPhone? Does restarting help stop this false touch behavior at all? DM us. https://t.co/GDrqU22YpT",What the hell is this 3months old IPhone ...
2441764,"Why won't some audio files add to my iPhone? If this was consistent, I'd get it, but, its not. Please explain. @AppleSupport https://t.co/FChZdGsoFX","@347051 Let’s figure this out together. To be sure we’re on the same page, are the songs that are grayed out the ones that won’t sync with your iPhone?","Why won't some audio files add to my iPhone? If this was consistent, I'd get it, but, its not. Please explain."
816392,@314415 @115858 Oh I hate it so much! I keep accidentally deleting my podcasts! It’s awful,@314414 Thanks for reaching out. We highly recommend submitting feedback about Podcasts app here: https://t.co/eTPVYVFyd8,Oh I hate it so much! I keep accidentally deleting my podcasts! It’s awful
568466,"@AppleSupport I’m also having problems changing orientation. When I rotate my iPad, it often doesn’t change the orientation. Sometimes the orientation changes on its own. IOS 11.2.",@253002 Please us the following link to meet us in DM. We want to help. https://t.co/GDrqU22YpT,"I’m also having problems changing orientation. When I rotate my iPad, it often doesn’t change the orientation. Sometimes the orientation changes on its own. IOS 11.2."
483265,@AppleSupport my iCloud said full 50gb.went to 200gb instantly full.says it’s full of documents but I haven’t backed up any documents? __email__,"@229951 Hey, we'll take a look into what's going on with the iCloud Storage. Let's meet in DM and we'll work together from there. https://t.co/GDrqU22YpT",my iCloud said full 50gb.went to 200gb instantly full.says it’s full of documents but I haven’t backed up any documents? __email__
851236,What’s up with this update @115858 I set the brightness to halfway and it goes full brightness wtf #killingmybattery plz fix,@322214 Let's take a look. Do you have auto-brightness on? You'll see this in Settings &gt; General &gt; Accessibility &gt; Display Accommodations.,What’s up with this update I set the brightness to halfway and it goes full brightness wtf #killingmybattery plz fix
1155248,@AppleSupport does the iPhone 8 have portrait mode,@391763 It sure does! Check out this page for feature details of the iPhone 8: https://t.co/hVk4JOhm9G,does the iPhone 8 have portrait mode
302937,@AppleSupport how do I get my photos from iCloud on to my new iPhone 8? It didn’t Just Work™,@188296 We are here for you. Reach us via DM to continue. https://t.co/GDrqU22YpT,how do I get my photos from iCloud on to my new iPhone 8? It didn’t Just Work™
1016907,"@AppleSupport In text message bar disappear, phone continually freeze, app have to be closed and open again, phone shut off and back on, lose signal, etc",@360606 Thank you for letting us know. Could you DM us and we can begin from there? https://t.co/GDrqU22YpT,"In text message bar disappear, phone continually freeze, app have to be closed and open again, phone shut off and back on, lose signal, etc"
1685167,@115858 My recovery is due in 2 weeks!!!! How am I supposed to track my phone. I cant phone you and you have no email address. Please help!!,@512048 We'd like to take a look at this with you. Please meet us in DM. https://t.co/GDrqU22YpT,My recovery is due in 2 weeks!!!! How am I supposed to track my phone. I cant phone you and you have no email address. Please help!!
253473,"@AppleSupport Iphone 7 &amp; yes 2 email accounts linked. I must add, never experienced this issue before!",@176254 Thank you. Does this happen with email on both accounts or one of the email accounts in particular?,"Iphone 7 &amp; yes 2 email accounts linked. I must add, never experienced this issue before!"
1762126,Glad I spent half my break going to an appt at the @115858 store for them to tell me they can’t fix my phone cause the system is down 🙃🙃🙃,@530206 We'd like to know more. DM us the details and we'll go from there. https://t.co/GDrqU22YpT,Glad I spent half my break going to an appt at the store for them to tell me they can’t fix my phone cause the system is down 🙃🙃🙃
2033134,This #iPhone bug is really starting to piss me off @115858,@601189 What issue are you experiencing with your iPhone? This information will be helpful to efficiently resolve your issue. https://t.co/GDrqU22YpT,This #iPhone bug is really starting to piss me off
388054,Yo check DM @AppleSupport,"@207842 We've received your DM, and will continue working from there. Be on the lookout for our response.",Yo check DM
159570,"@AppleSupport The battery percentages now match, but without resetting the phone, a long lag in updating on that screen. Just odd, caught me off guard.","@152735 Nice catch. We're glad they match now. Please let your voice be heard through Feedback. Each feedback submission is read, then forwarded to the appropriate team for further review. Click here to share your thoughts: https://t.co/eTPVYVFyd8","The battery percentages now match, but without resetting the phone, a long lag in updating on that screen. Just odd, caught me off guard."
1673552,My iPhone is missing me off. Why is the lone letter “I️” changing into nonsense. @AppleSupport fix this!,@509248 Here’s what you can do to work around the issue until it’s fixed in a future software update: https://t.co/xXaXefaskH,My iPhone is missing me off. Why is the lone letter “I️” changing into nonsense. fix this!
168880,@118721 @115948 @115858 got a slight bug in the #music app always shuffles my #songs even when not #shuffled @9169,@155298 We can look into this with you. Which version of iOS is installed on your iPhone? You can check this in Settings &gt; General &gt; About &gt; Version.,got a slight bug in the #music app always shuffles my #songs even when not #shuffled
1974918,Why my phone keep turning I’s into some weird crap. @AppleSupport we might need an update fam,@584843 Shoot us a DM with the version of iOS you see under Settings &gt; General &gt; About &gt; Version. We'll meet you there to help. https://t.co/GDrqU22YpT,Why my phone keep turning I’s into some weird crap. we might need an update fam
1758731,@115858 this is infuriating fix it https://t.co/QUYxfIJAfl,@529420 Here’s what you can do to work around the issue until it’s fixed in a future software update: https://t.co/xXaXeeSRt9,this is infuriating fix it
2748383,@AppleSupport iPhone 6 and I noticed this after I downloaded IOS 11,@769545 Which version of iOS 11 is currently installed on the iPhone? Do you utilize any third party applications for your keyboard or for GIF's in general?,iPhone 6 and I noticed this after I downloaded IOS 11
87052,euh par contre c’est une vie ça de mettre à charger son téléphone mais que la batterie continue à diminuer?? @115858 jvous parle là,@135055 We offer support via Twitter in English. Contact us for help in your preferred language here: https://t.co/IBIY3vMgPj,euh par contre c’est une vie ça de mettre à charger son téléphone mais que la batterie continue à diminuer?? jvous parle là
1143482,"@115858 my iPhone8 just deleted 2,000 photos and all of my videos from my phone out of nowhere. I have 35 gigs of space open. WTF? #help 👎🏼",@389129 That's not what we want to hear about your photo library! Let's start by confirming if you use iCloud https://t.co/8YUslsnsM5,"my iPhone8 just deleted 2,000 photos and all of my videos from my phone out of nowhere. I have 35 gigs of space open. WTF? #help 👎🏼"
1470120,"@AppleSupport I bought &amp; downloaded 2 ringtones. They play when clicked, but do not play when I assign them somewhere (ie-text tone).",@461227 Let's take a look at this together. Reach out to us in DM and we'll continue there. https://t.co/GDrqU22YpT,"I bought &amp; downloaded 2 ringtones. They play when clicked, but do not play when I assign them somewhere (ie-text tone)."
521322,what's wrong with my @115858 iPhone 6 Plus running iOS 11.1.2? It's restarting over and over again all of a sudden.,@240348 We'd be happy to assist with your iPhone today. Send us a DM to get started. https://t.co/GDrqU2kzhr,what's wrong with my iPhone 6 Plus running iOS 11.1.2? It's restarting over and over again all of a sudden.
2983152,@AppleSupport iPhone 6s. I believe it is running a version of iOS 9 because my phone would not let me update further??,"@822632 Thanks for that information. So that we can move forward, can you please DM us? https://t.co/GDrqU22YpT",iPhone 6s. I believe it is running a version of iOS 9 because my phone would not let me update further??
1244439,@AppleSupport 11.0.3 ever since it updated. It’s ridiculous.,@284432 How long has it been since you've updated the iOS? Was it as recent as today?,11.0.3 ever since it updated. It’s ridiculous.
681989,@115858 New iOS update got me like 😡🤬🤯... ready to turn my back on all @115858 products. #newupdatesetmyphoneback5years,@282751 We'd like to team up with you and help any way we can. What's the exact issue you're having and which model and iOS version is it?,New iOS update got me like 😡🤬🤯... ready to turn my back on all products. #newupdatesetmyphoneback5years
693962,"After that I updated my iphone, my battery is dying so quickly 😞 @AppleSupport","@285471 Let's take a look at your iPhone's battery together. DM us more details, such as iPhone model and the exact version of the operating system which you can find in Settings &gt; General &gt; About, and we'll get started. https://t.co/GDrqU22YpT","After that I updated my iphone, my battery is dying so quickly 😞"
927434,@115858 Your new update iOS 11 n above is making my iPhone worse. Even Samsung doesn't lag that much that my iPhone started hanging. #Improve,@340052 We're here to help! Join us in DM with additional information to get started: https://t.co/GDrqU22YpT,Your new update iOS 11 n above is making my iPhone worse. Even Samsung doesn't lag that much that my iPhone started hanging. #Improve
2310172,@AppleSupport how do I rewind &amp; fast forward the song without having to open the full app https://t.co/SVC5NfCJX1,@670009 We're here to help. Are you able to use 3D touch on the song in order to view more controls? DM us if you are still having issues. https://t.co/GDrqU2kzhr,how do I rewind &amp; fast forward the song without having to open the full app
1151237,@AppleSupport just bought series 3 watch and all apps open and close straight away?,@390911 Thanks for reaching out to us. Please let us know if you have taken any troubleshooting steps. We don't want you to repeat steps.,just bought series 3 watch and all apps open and close straight away?
242653,@173643 @115858 @AppleSupport i’m having the same problem and it’s pretty annoying because it drains my battery when the screen brightness is all the way up,@301895 Thanks for reaching out. We're here to help. DM us so we can look into this further with you. https://t.co/GDrqU22YpT,i’m having the same problem and it’s pretty annoying because it drains my battery when the screen brightness is all the way up
2068263,@AppleSupport @115858 hi. My iPhone is not responding from the home screen. But does from other screen. Can I take this to Apple shop today?,"@333175 Hello there. If your Home screen isn't responding, we can help look into that with you. If you'd like to, please DM us here: https://t.co/GDrqU22YpT",hi. My iPhone is not responding from the home screen. But does from other screen. Can I take this to Apple shop today?
2369420,"@683805 @AppleSupport @115858 No. I've uninstalled all apps that weren't ready for iOS11 (v 11.1.1), I've rebooted the phone several times, still no joy. It must be a bug when recovering installation from another phone. Perhaps better to reinstall from scratch?!",@299962 Let's take a closer look into this. Meet us in DM and we'll continue there. https://t.co/GDrqU22YpT,"No. I've uninstalled all apps that weren't ready for iOS11 (v 11.1.1), I've rebooted the phone several times, still no joy. It must be a bug when recovering installation from another phone. Perhaps better to reinstall from scratch?!"
1606809,HEY @115858 “EYE” FUCKING HATE THIS,@163992 Let's see what we can do. Take a look at this source to see if it helps: https://t.co/xXaXeeSRt9,HEY “EYE” FUCKING HATE THIS
904675,I’d like to thank @115858 for iOS 11! Thanks to y’all my battery life has never been worse❣️💔#iOS11 #Apple #iPhone #pleasefixit https://t.co/2EgAdELCwS,@334782 We'd like to help. DM us what iOS 11 version you're on. https://t.co/GDrqU22YpT,I’d like to thank for iOS 11! Thanks to y’all my battery life has never been worse❣️💔#iOS11 #Apple #iPhone #pleasefixit
2269966,"Pro tip for @115858 - if you’re going to update everyone’s iPhone software at once, make sure you consider people still buying the older models. The upgrades shouldn’t turn the iPhone 7 into a paperweight.","@660522 What's going on with your iPhone? We'd love to help you with it. DM us more details about the issue, including the exact version of the operating system, and we'll get started. https://t.co/GDrqU22YpT","Pro tip for - if you’re going to update everyone’s iPhone software at once, make sure you consider people still buying the older models. The upgrades shouldn’t turn the iPhone 7 into a paperweight."
295934,New s/w updates drains battery so much. 20% to 3% as you read this! @115858 @AppleSupport WTF! SE gave me fantastic battery until now,@186476 Thanks for reaching out to us. Please send us a DM. We would like to chat with you there. https://t.co/GDrqU22YpT,New s/w updates drains battery so much. 20% to 3% as you read this! WTF! SE gave me fantastic battery until now
2813637,What quality ordering of suggestions! cc @AppleSupport https://t.co/jjD9MBvAER,@481043 We maybe able to help. Which iPhone and version of IOS are you using? Can you please reply in DM. https://t.co/GDrqU22YpT,What quality ordering of suggestions! cc
1658273,@AppleSupport it’s really annoying that the update messed my keyboard up,@505949 We'd be happy to help. Send us a DM with a few details and we can start there. https://t.co/GDrqU22YpT,it’s really annoying that the update messed my keyboard up
827911,@AppleSupport that’s it,"@317223 OK, let's continue working on this in DM. Shoot us a message when you get a minute. https://t.co/GDrqU22YpT",that’s it
751635,#Siri. Hate new voice seems to works less well. Sounds like a teenager. @115858 @AppleSupport Options? Multiple selection.,@299645 We'd like to help. Tap Settings &gt; Siri &amp; Search &gt; Siri Voice to change. Feedback can be left here: https://t.co/aXEtn6UIwx,#Siri. Hate new voice seems to works less well. Sounds like a teenager. Options? Multiple selection.
400405,"@AppleSupport Apple Pencil keeps cutting out/not working every ~30 seconds since updating to ios 11, what's up with that","@210686 We want you to enjoy using your Apple Pencil with iOS 11 on your iPad, and we can help. Is your iPad running iOS 11.0.2?","Apple Pencil keeps cutting out/not working every ~30 seconds since updating to ios 11, what's up with that"
2523455,WHY TF DOES MY PHONE NOW AUTOMATICALLY TURN ON WIFI AND BLUETOOTH ITS ANNOYING &amp; KILLING MY BATTERY @115858,@718628 Let's have a look at this together. Can you please DM us? https://t.co/GDrqU22YpT,WHY TF DOES MY PHONE NOW AUTOMATICALLY TURN ON WIFI AND BLUETOOTH ITS ANNOYING &amp; KILLING MY BATTERY
1762188,@AppleSupport can you help me? iTunes charged me $ for something I didn't buy.,@530224 Let's get you pointed in the right direction! Our iTunes support team can assist at: https://t.co/SDIe7UiyJN,can you help me? iTunes charged me $ for something I didn't buy.
2305203,"@AppleSupport just tried to update my MacBook to the new version of Sierra, and the update crashed with 30 mins left - now this icon is flashing. I have classes in the morning, what do I do? https://t.co/UPwB1m7Jiz",@668826 We'd like to look into this with you and see what we can do to get your Mac back up and running. Follow the steps in this article under Other screens you might see &gt; Folder with a question mark: https://t.co/KKHbRRkCpI Let us know if it works.,"just tried to update my MacBook to the new version of Sierra, and the update crashed with 30 mins left - now this icon is flashing. I have classes in the morning, what do I do?"
1509949,@AppleSupport why can’t I️ type the word the letter that sounds like “eye”,@470466 You've come to the right place for help. DM us the iPhone model and iOS version you're using. https://t.co/GDrqU22YpT,why can’t I️ type the word the letter that sounds like “eye”
2803426,"@AppleSupport can I bring old ipad's/iphone's to my local apple store for recycling and get $ giftcard towards new, or do I have to send into @155043 via online form https://t.co/vhqHry7lam",@224478 Thanks for reaching out. We recommend checking out this link on our recycling program: https://t.co/1OpwRYmC9L,"can I bring old ipad's/iphone's to my local apple store for recycling and get $ giftcard towards new, or do I have to send into via online form"
2802450,My phone won't update. It keeps telling me I'm no longer connected to the Internet when I'm clearly sitting in wifi @115858,"@781750 We'd love to help! Are you updating your iOS, or are you updating apps?",My phone won't update. It keeps telling me I'm no longer connected to the Internet when I'm clearly sitting in wifi
2639691,@115858 what does this mean on my Mac ? Just tried installing new OS and now it’s broken?!!!! https://t.co/h2hKwQs87k,@744951 Hi there! This article should help you out: https://t.co/rO42NAGDmI Send us a DM with the results after you try those steps. https://t.co/GDrqU22YpT,what does this mean on my Mac ? Just tried installing new OS and now it’s broken?!!!!
87117,@AppleSupport Is there easy way to find out your battery on iPhone X without searching all the time?.,@190289 Hello there. That's a great question. We'd be happy to help. Please check this out: https://t.co/SFmjLOFDei,Is there easy way to find out your battery on iPhone X without searching all the time?.
1973793,@AppleSupport changed phones but my imessage stickers are not opening or didn’t transfer. any solution? thanks. https://t.co/CJKQDLgLr1,@584540 We're happy to help with your stickers. Join us in DM with more detail about how you transferred data from one device to the next. https://t.co/GDrqU22YpT,changed phones but my imessage stickers are not opening or didn’t transfer. any solution? thanks.
2364570,@AppleSupport 11.1.1. This has all been happening since the iOS 11 update. Seriously frustrating.,@682681 We understand how important it is to have reliable battery life. Please meet us in DM and we'll continue to look into this. https://t.co/GDrqU22YpT,11.1.1. This has all been happening since the iOS 11 update. Seriously frustrating.
806468,@AppleSupport But can't turn it off as it comes up it can't download 1000s of full resolution photos and only gives me the option to remove them x,@312178 OK. Send us a DM and we can get you pointed in the right direction. https://t.co/GDrqU22YpT,But can't turn it off as it comes up it can't download 1000s of full resolution photos and only gives me the option to remove them x
90596,@AppleSupport why does this keep happening 😐 https://t.co/TQ2bz8CY0R,"@135607 An update has been released to assist with this issue. If you haven’t yet, please back up your device and update it to iOS 11.1.2. For more info, check out: https://t.co/4f8hwT5to6",why does this keep happening 😐
2675359,stuck at Update Requested for 16hours now Why? My net may not exactly be excellent but it's pretty fast &amp; i have 256gb iphone @AppleSupport,@753066 We'd love to help. Are you using iTunes or Wi-Fi to complete the software update?,stuck at Update Requested for 16hours now Why? My net may not exactly be excellent but it's pretty fast &amp; i have 256gb iphone
2712568,@AppleSupport Sweet thanks.,@761556 You're welcome!,Sweet thanks.
366022,@115858 @AppleSupport @115858 amazing 3 week investigation and no help from Apple keep using a product that burns you. Dangerous product,@202719 We want to help. Send us a DM and we can continue working with you frmo there. https://t.co/GDrqU22YpT,amazing 3 week investigation and no help from Apple keep using a product that burns you. Dangerous product
609773,@AppleSupport hi! With the last update my phone can’t find my habitual wifi connections. Please help. https://t.co/vN7X7w6KBG,@264968 Thanks for reaching out. We're here to help. DM us so we can look into this further with you. https://t.co/GDrqU22YpT,hi! With the last update my phone can’t find my habitual wifi connections. Please help.
2266124,@AppleSupport I don’t why but I’m having troubles using my iPhone X in cold weather. The iPhone X freezes a lot!!!??Anyway I can fix this issue?,@659612 We’ll do everything we can to help. Does this only happen in cold weather? What version of iOS are you using? You can check by navigating to Settings &gt; General &gt; About: https://t.co/ZTw54HttsM,I don’t why but I’m having troubles using my iPhone X in cold weather. The iPhone X freezes a lot!!!??Anyway I can fix this issue?
2945678,@AppleSupport heres some screenshot #s https://t.co/0hxPQIFZhg,"@813656 Got it, you're trying to change a payment you have stored to your Apple ID account. Here's the instructions for that: https://t.co/Y0YoIRcZa7 Let us know if that helps.",heres some screenshot #s
389685,"@AppleSupport When my iPhone is connected to my car via bluetooth, I can't use Siri (the mic will not pick me up), so I have to do that little dance every time and tell Siri to use the phone mic. Can I make it remember that setting?",@208240 We want to help narrow this down. Let's meet in DM to continue. https://t.co/GDrqU22YpT,"When my iPhone is connected to my car via bluetooth, I can't use Siri (the mic will not pick me up), so I have to do that little dance every time and tell Siri to use the phone mic. Can I make it remember that setting?"
1406199,@AppleSupport what are we about to do about this “I” situation????,@446857 Thanks for reaching out to us. We would love to help you. Can you please tell us which version of iOS you are currently running?,what are we about to do about this “I” situation????
1803106,@AppleSupport iOS 11.0.3,@541800 Thanks. Have you tried restarting your device? https://t.co/OWRDHWSt4h,iOS 11.0.3
709056,Bug? @AppleSupport @115858 make stuff itself https://t.co/pQh7nbXzcO,@289531 We can definitely look into this with you. Send us a DM and we'll go from there. https://t.co/GDrqU22YpT,Bug? make stuff itself
2520790,TIRED OF APPLE. I updated my phone and now I can make or recieve calls WTF. @115858 #FixThis,@717999 Thanks for contacting us. We know it's important to stay in touch. We'd like to help out. Let's start with the steps here: https://t.co/U53YusKX3z Please reach out to us if you need further help after trying the steps listed.,TIRED OF APPLE. I updated my phone and now I can make or recieve calls WTF. #FixThis
2130273,@AppleSupport It said access denied.,"@627015 Alright, we'd like to see what's going on. DM us to continue. https://t.co/GDrqU22YpT",It said access denied.
339710,"@AppleSupport My iPhone 7 crashes constantly after iOS 11 update. Apps crash, nothing loads. What is going on?",@197126 We'd be happy to assist with your iPhone today. Send us a DM to get started. https://t.co/GDrqU22YpT,"My iPhone 7 crashes constantly after iOS 11 update. Apps crash, nothing loads. What is going on?"
845550,"@AppleSupport It’s intermittent, it happens on the home screen and I can’t get it to turn back unless I lock the screen/restart",@320987 Got it. Do you keep the orientation lock on when the issue occurs? Which version of iOS 11 are you running on this iPhone?,"It’s intermittent, it happens on the home screen and I can’t get it to turn back unless I lock the screen/restart"
1357312,@AppleSupport Too bad I can't get a hold of ANYBODY. I call cust support &amp; it hangs up. I try to access the chat and it says unavailable....,"@436453 We are experiencing a high volume of contact so it may take a bit to get in contact, but we encourage you to keep trying.",Too bad I can't get a hold of ANYBODY. I call cust support &amp; it hangs up. I try to access the chat and it says unavailable....
1833849,@115858 @AppleSupport after installation of 11.0.3 problems of Bluetooth &amp; SMS re-delivery https://t.co/0ufbvjOyOq,@234044 Let's work together to look into these issues. DM us &amp; tell us more about the iPhone getting hot first &amp; we'll continue there. https://t.co/GDrqU22YpT,after installation of 11.0.3 problems of Bluetooth &amp; SMS re-delivery
2015385,"Why is the worst performing app on my @134236 @115858 watch, my Nike running app??!",@595954 We're happy to look into this with you. Can you tell us which iOS and watchOS version you are using please? DM us your response: https://t.co/GDrqU22YpT,"Why is the worst performing app on my watch, my Nike running app??!"
1595045,@115858 I’m having some issues with my phone and can’t seem to use the letter “I” it sometimes comes up as I️,@490112 We'd recommend trying the steps here: https://t.co/xU1AGHStV6 let us know in DM if the issue continues. https://t.co/GDrqU22YpT,I’m having some issues with my phone and can’t seem to use the letter “I” it sometimes comes up as I️
2499337,@AppleSupport No all of the widgets are getting slow after ios11.1.1 update and when I want to open notification center it lags and it is slow most of the time. And also notification banners in apps is too slow and cause that apps get unresponsive for 2 - 3 seconds,@713111 Thanks for those added details. We'd like to look into this further. Send us a DM and we'll continue there. https://t.co/GDrqU22YpT,No all of the widgets are getting slow after ios11.1.1 update and when I want to open notification center it lags and it is slow most of the time. And also notification banners in apps is too slow and cause that apps get unresponsive for 2 - 3 seconds
242479,@AppleSupport It only happened today. My alarm went off but made no noise. The sound on my settings was up to the middle of the bar,@173598 Thank you. What version of iOS do you have installed? Check by tapping: Settings &gt; General &gt; About. Let us know in DM. https://t.co/GDrqU22YpT,It only happened today. My alarm went off but made no noise. The sound on my settings was up to the middle of the bar
2208163,@115858 are you guys gonna fix this glitch or what????,@645546 We'd be happy to assist. Let us know the glitch you're experiencing and we'll continue from there.,are you guys gonna fix this glitch or what????
1984070,What’s wrong with my letters @AppleSupport I️,@126732 Let's look into this keyboard issue for you. Send us a DM with your iOS version and details about what you are experiencing. https://t.co/GDrqU22YpT,What’s wrong with my letters I️
1991136,.@AppleSupport why can’t I type I️? Why does the letter I️ look like this?,@487228 We're happy to look into this with you! Join us in DM with the iOS version currently installed on your device. https://t.co/GDrqU22YpT,. why can’t I type I️? Why does the letter I️ look like this?
2700958,"@AppleSupport Well, it seems to be all good after installing update 11.1.2",@530128 Great. Let us know if you have any further questions. We're here to help.,"Well, it seems to be all good after installing update 11.1.2"
2435345,".@AppleSupport Headphone Jack is no longer recognizing headphones with iOS 11.1. Have tried multiple pairs, any solution?",@698759 We want to help. Send us a DM letting us know if you have tried re-starting. https://t.co/GDrqU22YpT,". Headphone Jack is no longer recognizing headphones with iOS 11.1. Have tried multiple pairs, any solution?"
808446,@AppleSupport as soon as I get ios11 my r ejust wants to jiggle everything,@312640 We’d like to help with that. Can you start by letting us know more about the situation via DM? https://t.co/GDrqU22YpT,as soon as I get ios11 my r ejust wants to jiggle everything
543641,"@115858 store in Westfield Stratford! I send you my laptop for you to fix. I get my laptop back. After 3 days, we are right back to where we started. Laptop is broke again! What is this? How much money are you making to not fix your own equipment properly.","@246271 Hi. We are here to help. Send us a DM, and we’ll take a look into this https://t.co/GDrqU22YpT","store in Westfield Stratford! I send you my laptop for you to fix. I get my laptop back. After 3 days, we are right back to where we started. Laptop is broke again! What is this? How much money are you making to not fix your own equipment properly."
1743592,FIX THIS I️ SHIT @AppleSupport,@374457 Here’s what you can do to work around the issue until it’s fixed in a future software update: https://t.co/xXaXeeSRt9,FIX THIS I️ SHIT
2619884,@115858 @AppleSupport unable to send messages to nos on the call log not saved in the contact and crazy battery drain,@740318 We'd received your DM and will continue with you there.,unable to send messages to nos on the call log not saved in the contact and crazy battery drain
2975503,@115858 stop fucking with my phone battery. I don't give a shit about the iPhone roman numeral x or whatever. My 6 works just fine or it fucking Would if you stop making it go from 48% to 2% in a min and a half and then die and I plug it in for 1 min and it's 20%. YOU AINT SLICK.,"@820622 We want to make sure your iPhone is ready to go when you are. Could you join us in DM with more info about what you are seeing, and which version of iOS your iPhone is using? You can check on that at Settings &gt; General &gt; About. https://t.co/GDrqU22YpT",stop fucking with my phone battery. I don't give a shit about the iPhone roman numeral x or whatever. My 6 works just fine or it fucking Would if you stop making it go from 48% to 2% in a min and a half and then die and I plug it in for 1 min and it's 20%. YOU AINT SLICK.
1836184,"@115858 iOS11 probably the most buggy OS I have ever used. Safari crashing, GIF replaying themselves after I closed them, iMessage crashes. 😡",@550590 We’d like to help with this. Can you start by letting us know more about the changes you’ve noticed after the update via DM? https://t.co/GDrqU22YpT,"iOS11 probably the most buggy OS I have ever used. Safari crashing, GIF replaying themselves after I closed them, iMessage crashes. 😡"
2028669,@115858 can you have an update where i can turn off voice control completely?,@599920 We're happy to help. What device are you inquiring about Voice Control?,can you have an update where i can turn off voice control completely?
2123280,@115858 this new software update have my phone keep acting up,@625483 What kind of issues are you having? We'd love to help out.,this new software update have my phone keep acting up
259446,@115858 my friend's mac book pro 2016 screen color is a bit off. Can u plz help?,"@177699 We'd love to help. DM us more details, and we can work from there. https://t.co/GDrqU2kzhr",my friend's mac book pro 2016 screen color is a bit off. Can u plz help?
1078284,@AppleSupport hey apple! Ios 11.0.3 is absorbing my battery. When new release will come?,"@374372 Let us know via DM the device you have, then we can look in to this with you from there. https://t.co/GDrqU22YpT",hey apple! Ios 11.0.3 is absorbing my battery. When new release will come?
2031618,@115858 @116333 Never gonna buy or suggest anyone to buy apple product. Worst experience and waste of money. My mac is of no use now😡,"@600740 Hi, Chirag. We can take a second look if you'd like us to. Just send us a DM with a few examples of what's going on. https://t.co/GDrqU22YpT",Never gonna buy or suggest anyone to buy apple product. Worst experience and waste of money. My mac is of no use now😡
1940716,@AppleSupport I haven’t that option in p.2. iOS 11 installed. Is it can be region restrictions or something else?,"@705948 We'd like to look into this with you. To get started, let us know if you're an Apple Music subscriber.",I haven’t that option in p.2. iOS 11 installed. Is it can be region restrictions or something else?
1596630,@AppleSupport why I can see no damn emojis?,"@490505 We're happy to take a look. Which device are you using? Also, what is the exact iOS version shown in Settings &gt; General &gt; About?",why I can see no damn emojis?
2306995,@AppleSupport for some reason the HomeKit app isn’t working for me it’s just stuck on this screen https://t.co/qFBv5v4Kyc,"@629754 You're in the right place for help. To get us started, may we have the current iOS version shown in Settings &gt; General &gt; About?",for some reason the HomeKit app isn’t working for me it’s just stuck on this screen
1786588,"@AppleSupport Hello, can I make and order and pickup it in your Zürich Apple Store personally? Can't find the info on website. Thank you!","@536744 We'd love to assist. To begin, send us a DM, and we'll get you pointed in the right direction: https://t.co/GDrqU22YpT","Hello, can I make and order and pickup it in your Zürich Apple Store personally? Can't find the info on website. Thank you!"
556182,@AppleSupport I have disabled in app rating but I still receive multiple in app rating requests from @122951 and many more apps ! Kindly resolve this issue!,@249922 We'd love to look into this with you. We'd like to continue in DM. Click here to meet us there: https://t.co/GDrqU22YpT,I have disabled in app rating but I still receive multiple in app rating requests from and many more apps ! Kindly resolve this issue!
1366352,"@AppleSupport iPhone 6s Plus, iOS 11.0.3",@438072 Thanks for that information. We want to take a deeper look into this. Let's continue in DM. https://t.co/GDrqU22YpT,"iPhone 6s Plus, iOS 11.0.3"
2444144,@AppleSupport tried to change my password since I wasn’t sure about an iTunes purchase and all hell broke loose. Now I’m in some account recovery process that takes a day?!? Any way to expedite this? I have all my info.,@700821 We can help with shortening the wait. Have you tried these steps here? https://t.co/nXAGZj0EE7,tried to change my password since I wasn’t sure about an iTunes purchase and all hell broke loose. Now I’m in some account recovery process that takes a day?!? Any way to expedite this? I have all my info.
2774289,"@AppleSupport Unfortunately I don’t. From reading the article, is it still possible to get it back if I set it up now?","@775339 If you set it up now, it will prevent the issue from occurring again. To verify, what app were you using to make your essay?","Unfortunately I don’t. From reading the article, is it still possible to get it back if I set it up now?"
1261263,@AppleSupport @115858 @119459 NOBODY listens to my claim since the cover as the mophie did not arrive I need an urgent response(part2),@376190 We’d like to assist with your order as much as possible. Did you order it through the Apple Website?,NOBODY listens to my claim since the cover as the mophie did not arrive I need an urgent response(part2)
2148088,whys my phone not charging @115858 !!!!!,@631374 We're here to help. Are you attempting to charge the phone using the cable and charger that came with it?,whys my phone not charging !!!!!
2021748,@AppleSupport @115858 I just got my iPhone X Friday and the face ID is already not working.. help please? I'm very upset #iPhoneX #FaceID,"@597924 That's not the experience we'd expect and we'd like to help. To start, DM us with details about what's happening. https://t.co/GDrqU22YpT",I just got my iPhone X Friday and the face ID is already not working.. help please? I'm very upset #iPhoneX #FaceID
260446,@AppleSupport yes the battery,"@177973 Thanks for that info. Are you running iOS 11.0, iOS 11.0.2 or the beta of iOS 11.1",yes the battery
1326022,@AppleSupport are you still offering the staingate repairs for when the anti reflective coating starts coming off?,@190748 Thanks for reaching out again. DM which Mac you are using so we can look into this with you. https://t.co/GDrqU22YpT,are you still offering the staingate repairs for when the anti reflective coating starts coming off?
1307273,I updated my iPhone and it’s just damn slow!what happened to my electric iOS 10?@AppleSupport,@425483 This is not the experience we want you to have after updating. Reach out to us in DM. https://t.co/GDrqU22YpT,I updated my iPhone and it’s just damn slow!what happened to my electric iOS 10?
662789,@AppleSupport Yeah that’s correct,@277908 Thanks for confirming this for us. Which device are you using with Notes?,Yeah that’s correct
2647330,why does my iphone's speakers start crackling? @115858,@746904 We're happy to assist. What iPhone model and what iOS version is it running. Does this only happen with the internal speaker or also with headphones? Only on calls or on all audio content?,why does my iphone's speakers start crackling?
2926458,Seguro que esto es un intento de estafa o virus. @AppleSupport @115858 me ayudan a confirmar que no es oficial? #Apple https://t.co/OlnAGEWq3a,@809691 We offer support via Twitter in English. Get help in Spanish here: https://t.co/IBIY3vMgPj or join https://t.co/OczyRx7IOs,Seguro que esto es un intento de estafa o virus. me ayudan a confirmar que no es oficial? #Apple
2320121,@115858 can y’all fix this stupid ass glitch,@672424 We're here for you and happy to help you. Can you tell us what's happening? Which device are you using?,can y’all fix this stupid ass glitch
766851,hey @AppleSupport the battery life on iOS11 is dreadful! Have upgraded to 11.0.2 but still terrible!,@303272 We know how important a reliable battery is. Check out this article and let us know what you think. https://t.co/TpjqFp3jxD,hey the battery life on iOS11 is dreadful! Have upgraded to 11.0.2 but still terrible!
1626156,I noticed that ios 11.03 is draining my ipad so fast. @AppleSupport,@497957 We understand how vital the battery is. Please follow the guidance here and let us know the result: https://t.co/TpjqFp3jxD,I noticed that ios 11.03 is draining my ipad so fast.
542505,My iPhone 6 crashing every 30 second in ios11.1.2. Any solution? @AppleSupport,@245925 We're here to help. Please follow the steps in this article and let us know if it resolves your issue: https://t.co/osZOKKTalm,My iPhone 6 crashing every 30 second in ios11.1.2. Any solution?
2281745,@AppleSupport probably for a couple of months &amp; I have iTunes 12.7.1.14 on my MacBook Pro,@663237 OK. Send us a DM listing which iPod model and iOS version is installed. https://t.co/GDrqU22YpT,probably for a couple of months &amp; I have iTunes 12.7.1.14 on my MacBook Pro
1871098,OHKAY @115858 I did ya dumbass update now I can’t open my messages or camera,@558792 Let’s work together to find a solution. DM us which device and version of iOS you’re using to begin. https://t.co/GDrqU2kzhr,OHKAY I did ya dumbass update now I can’t open my messages or camera
1934223,iOS 11.03 is absolute garbage my phone is almost unusable @115858,@575533 We're here to help. What is going on with your device? Send us a DM so we can look into what's going on. https://t.co/GDrqU22YpT,iOS 11.03 is absolute garbage my phone is almost unusable
437014,"@AppleSupport Since I update to iOS11.02 airdrop is not working anymore, signout/in of iclouds, reset networks settings didn't help. help","@218780 We can absolutely help with AirDrop. When you try to use it, what happens that isn't working as expected?","Since I update to iOS11.02 airdrop is not working anymore, signout/in of iclouds, reset networks settings didn't help. help"
2550293,@AppleSupport iPhone 6s. I️ was forced to update to the latest operating system when my phone died so whatever that is.,"@348826 Understood, can you tell us the exact iOS version you're using? To find it go to Settings &gt; General &gt; About.",iPhone 6s. I️ was forced to update to the latest operating system when my phone died so whatever that is.
2372192,@115858 i updated my phone and the “i” is still doing the thing. fix it.,"@684413 We're glad you're letting us know. We'd like to help get it resolved. Which iOS version are we working with in Settings &gt; General &gt; About? Where are you seeing the issue, in posts you're composing or posts you're reading?",i updated my phone and the “i” is still doing the thing. fix it.
1123842,"@AppleSupport Update is AWFUL! Freezes phone&amp;although I love a long lie, the alarm now doesn’t go off when phone on silent. Nice one! 🤦🏻‍♀️",@385023 We're here for you. Please DM us so we can get more info about these issues. https://t.co/GDrqU22YpT,"Update is AWFUL! Freezes phone&amp;although I love a long lie, the alarm now doesn’t go off when phone on silent. Nice one! 🤦🏻‍♀️"
2273995,"@AppleSupport I’m sorry, but this new iOS has some serious auto correct issues. Since when does ‘toy’ correct to ‘you’. Not to mention the random capitalizations in the middle of sentences...",@240821 Thanks for reaching out about this. Are you referring to iOS 11.1.1? Which words are capitalizing? Please DM us what you're experiencing. https://t.co/GDrqU22YpT,"I’m sorry, but this new iOS has some serious auto correct issues. Since when does ‘toy’ correct to ‘you’. Not to mention the random capitalizations in the middle of sentences..."
1616761,Okay @AppleSupport why does it auto fix “I” to I️,@495789 We are aware of this issue and are working hard to find a resolution. We do have a workaround: https://t.co/xXaXeeSRt9,Okay why does it auto fix “I” to I️
1785475,Dear @115858 why i cant even donwload any apps? Im on ios 11.01 now. Pls fix it asap. Tq,"@536440 Thanks for reaching out. Let's begin by updating to the new version of iOS, 11.0.2 please. DM if you continue to have trouble after. https://t.co/GDrqU22YpT",Dear why i cant even donwload any apps? Im on ios 11.01 now. Pls fix it asap. Tq
1935902,"@AppleSupport 😂 have you guys tested this in High Sierra yet? iOS Store isn’t available from Macs, unless I find it online, &amp; manually copy it to my phone",@575929 Learn about the new changes in iTunes and send us a DM if you have further questions: https://t.co/pxseZbMQ8z https://t.co/GDrqU22YpT,"😂 have you guys tested this in High Sierra yet? iOS Store isn’t available from Macs, unless I find it online, &amp; manually copy it to my phone"
1640289,Yo @115858 iOS 11 got my phone all screwed up.,@501488 Can you tell us about what you’re experiencing? We’d be happy to help out.,Yo iOS 11 got my phone all screwed up.
1012984,@AppleSupport Is there a way to copy Mail link to Reminders/Notes in iOS 11 on an iPhone? Drag &amp; drop works on an iPad but not on an iPhone.,@359703 Let's look into this together. Let us know if the steps in this article helps: https://t.co/xn7LCCgd5H,Is there a way to copy Mail link to Reminders/Notes in iOS 11 on an iPhone? Drag &amp; drop works on an iPad but not on an iPhone.
50799,@AppleSupport I keep links as shown in the photo but when you press on the link the note take U out to the home page https://t.co/gzYJKUfe5B,@127400 That's not okay. Let's take a look in DM. Follow us there using the link below: https://t.co/GDrqU22YpT,I keep links as shown in the photo but when you press on the link the note take U out to the home page
2105979,.@AppleSupport @115858 WHAT IS TAKING YOU SO LONG TO FIX THE TEXT I️ BUG!!!!!,@621568 Here’s what you can do to work around the issue until it’s fixed in a future software update: https://t.co/xXaXeeSRt9,. WHAT IS TAKING YOU SO LONG TO FIX THE TEXT I️ BUG!!!!!
1798587,@AppleSupport iOS 11 is killing my 6s battery. 50% by lunch and barely touched it. Low power mode not helping.,@540421 We're happy to assist. Let's gather some details to isolate this issue. When did you update your iOS? Are you using iOS 11.0.3?,iOS 11 is killing my 6s battery. 50% by lunch and barely touched it. Low power mode not helping.
1043526,@AppleSupport Yes I restarted my iPhone and the problem continues I have reports from friends that their iPhone are also having the same problem https://t.co/vvaXhlEVxS,@366766 You are awesome for trying that. Thank you. Let's look into this together. Please send us a DM with details to continue. https://t.co/GDrqU22YpT,Yes I restarted my iPhone and the problem continues I have reports from friends that their iPhone are also having the same problem
1031802,@AppleSupport Yes I’ve tried that. It restarts and it’s the same problems,@364141 Let's connect then over in DM so we can look into this futher. https://t.co/GDrqU22YpT,Yes I’ve tried that. It restarts and it’s the same problems
2081307,The new iOS sucks @AppleSupport How is my 1 month old Iphone slower than it used to be? Had to reboot the phone about 7 x in 1 week.,@615493 Getting the performance you expect from your iPhone is very important to us. Select the following link to join us in a DM. https://t.co/GDrqU22YpT,The new iOS sucks How is my 1 month old Iphone slower than it used to be? Had to reboot the phone about 7 x in 1 week.
2266164,I updated my phone &amp; I'm still seeing ? boxes @AppleSupport https://t.co/MFe5qaGuVT,"@659622 Thanks for reaching out to us. Are you seeing these boxes in the messages you send, other people's messages, or both?",I updated my phone &amp; I'm still seeing ? boxes
222942,@AppleSupport @169244 Your update has been shit since it came out my phone glitches like no tomorrow on a phone call battery dies faster and I have apps freeze,@169243 Let's look into this for you. Send us a DM with your exact iOS version to get started. https://t.co/GDrqU22YpT,Your update has been shit since it came out my phone glitches like no tomorrow on a phone call battery dies faster and I have apps freeze
1643262,My Applecare expires in 2 days. Battery has been dropping from around 20% to 2% in 3 mins. Doesn’t qualify for a replacement 😡 @AppleSupport,@502236 We are happy to help. Send us a DM and we'll get to work there. https://t.co/GDrqU22YpT,My Applecare expires in 2 days. Battery has been dropping from around 20% to 2% in 3 mins. Doesn’t qualify for a replacement 😡
2780628,@AppleSupport can you explain this. https://t.co/VUyQu0DjpM,"@744583 This is just a pop-up explaining the new behavior within Control Center for Bluetooth and WiFi on iOS 11. For more on this, check out: https://t.co/G7BHuQnDS6. Also, you can provide feedback on Beta software here: https://t.co/OTNGzDuUXI",can you explain this.
1071768,@AppleSupport Everywhere. The keyboard is choosing random letters to ignore,"@372914 Can you confirm the iOS version you're using? If you need help to find it, check this out: https://t.co/ZTw54HL4Rm",Everywhere. The keyboard is choosing random letters to ignore
963696,@AppleSupport iPhone 8+,@202208 Is Live Photo selected to preserve settings in Settings &gt; Photos &amp; Camera &gt; Preserve Settings? Let us know in DM. https://t.co/GDrqU22YpT,iPhone 8+
2273915,@AppleSupport hi! I still see the bug even with my iOS updated. Is it because the person who posted the letter ‘I’ didn’t update it?,@661400 Let's take a look at this for you. What happens when you use your keyboard in an app?,hi! I still see the bug even with my iOS updated. Is it because the person who posted the letter ‘I’ didn’t update it?
822234,It’s amazing how bad @115858 maps and Siri are. Not just bad - but infuriating.,@162433 We'd like to know what's happening with Maps and Siri. DM us with the device you're using and it's operating system version.,It’s amazing how bad maps and Siri are. Not just bad - but infuriating.
1833678,"@AppleSupport IPhone 7 stuck on the home screen for the 11th time, now late for work, thanks again!",@550062 Certainly not what we want you to experience. Let's get to the bottom of this together. Please DM us and let us know all about it. https://t.co/GDrqU22YpT,"IPhone 7 stuck on the home screen for the 11th time, now late for work, thanks again!"
1462596,@AppleSupport - You should implement Friends Live Location Sharing into iMessage.,@459473 We appreciate your feedback! You can also request additional features and offer suggestions here: https://t.co/eTPVYVFyd8,- You should implement Friends Live Location Sharing into iMessage.
195975,@AppleSupport what’s up my phones battery the last up date was not good,@162102 We know battery life is important. We recommend checking out this link: https://t.co/bivpdfBNJ6,what’s up my phones battery the last up date was not good
1741620,Hi @AppleSupport can you fix the update? My phone is now changing the letter “k” as well.,@500160 Thanks for reaching out. Let's get to DM to move forward. https://t.co/GDrqU22YpT,Hi can you fix the update? My phone is now changing the letter “k” as well.
1742521,@115858 Don’t update your phone if you don’t want this to happen! I️ hate it so much!,@525633 Here’s what you can do to work around the issue until it’s fixed in a future software update: https://t.co/xXaXeeSRt9,Don’t update your phone if you don’t want this to happen! I️ hate it so much!
1088861,"@AppleSupport my iPhone keeps freezing and I can’t do anything. Only since I downloaded the new update, any advice you could give?","@376856 You're in the right place; we'll do all we can to help. To start, connect with us in DM: https://t.co/GDrqU22YpT","my iPhone keeps freezing and I can’t do anything. Only since I downloaded the new update, any advice you could give?"
1990479,ever since I got iOS 11 my phone keeps freezing &amp; I can’t control my spotify music from my lockscreen/control center &amp; my speakers sometimes don‘t work but hey at least i‘ll get 70 new emojis now !!1! @115858 @AppleSupport https://t.co/j0LfYAdd7b,@589074 We'd be happy to look into this with you more in detail. Please reach out to us via DM and we'll get started. https://t.co/GDrqU22YpT,ever since I got iOS 11 my phone keeps freezing &amp; I can’t control my spotify music from my lockscreen/control center &amp; my speakers sometimes don‘t work but hey at least i‘ll get 70 new emojis now !!1!
211284,@115858 stop playing games g. phone been acting up lately. Y'all should drop an update FIXING these problems smh.,@166048 We'd like to help. Which iOS version are you having issues on? You can double-check with these steps: https://t.co/lhhJthvNy9,stop playing games g. phone been acting up lately. Y'all should drop an update FIXING these problems smh.
1773672,Is Apple planning on fixing their keyboard bug? This one 👉 I️ @115858 —seriously.,@533067 Here’s what you can do to work around the issue until it’s fixed in a future software update: https://t.co/xXaXeeSRt9,Is Apple planning on fixing their keyboard bug? This one 👉 I️ —seriously.
1194014,@AppleSupport you're going to be losing customers if things like this keep happening the same way they have been for years,@400559 Let's see what we can do to get your iPhone back up and running. This article addresses your issue: https://t.co/8MvHMGgIUP,you're going to be losing customers if things like this keep happening the same way they have been for years
2119385,"@115858 This current glitch that is changing “I️” is affecting my career due to changing for passwords and important messages, please help.",@624569 Here’s what you can do to work around the issue until it’s fixed in a future software update: https://t.co/xXaXeeSRt9,"This current glitch that is changing “I️” is affecting my career due to changing for passwords and important messages, please help."
1760166,Well @115858 my MacBook Pro froze during the update and now I lost all my music and files and my backup couldn’t be found,@529769 We'll do everything we can. Were you trying to update your MacBook or your iPhone? https://t.co/GDrqU22YpT,Well my MacBook Pro froze during the update and now I lost all my music and files and my backup couldn’t be found
2441787,@115858 @AppleSupport help us out🤷🏼‍♀️,@700248 We're here to help. Let's take this to DM so we can better assist you. https://t.co/GDrqU22YpT,help us out🤷🏼‍♀️
1500783,"Hey @AppleSupport iOS 11.0.3 broke my never been repaired iPhone 6S screen. Never had a problem, now it keeps freezing. #ios11problems","@154231 We can help. First, let's look at the steps in this article: https://t.co/1gNtc8oo9M Let us know if there is any improvement.","Hey iOS 11.0.3 broke my never been repaired iPhone 6S screen. Never had a problem, now it keeps freezing. #ios11problems"
435192,@AppleSupport https://t.co/RPFzCAXu9d,@218375 Thank you for these details. Please DM us via the following link and we'll help you further. https://t.co/GDrqU22YpT,
2109744,@AppleSupport It’s Twitter 🤔 same time YouTube calendar stuff remains with notifications,@622403 Thanks for clarifying. Does Twitter have an update to install in the App Store? DM us and we'll continue. https://t.co/GDrqU22YpT,It’s Twitter 🤔 same time YouTube calendar stuff remains with notifications
995539,@AppleSupport Yes we have tried this. Since the update it will not take a valid CC. Keeps saying security code CVV incorrect. Have tried 3 diff good cards,"@355814 We would like to clarify that you have done this on a computer and the device, correct?",Yes we have tried this. Since the update it will not take a valid CC. Keeps saying security code CVV incorrect. Have tried 3 diff good cards
652244,"Thanks @115858 for ruining podcasts, this app is unusable after update! @318",@275095 We're here to help. What issues are you experiencing with the Podcasts app?,"Thanks for ruining podcasts, this app is unusable after update!"
2484290,@115858 @AppleSupport @96093 @11676 #Iphone8plus #BatteryBulge #IMEI-__credit_card__ #SERIAL-F2QVD7EAJCLY. Strange but true was talking on the phone and suddenly phone got overheated and bulged and chances of explosion.. no phone to use now :( #wakeup https://t.co/DfrHfBZQp0,@709712 We're here to help. Let's take this to DM so we can better assist you. https://t.co/GDrqU22YpT,#Iphone8plus #BatteryBulge #IMEI-__credit_card__ #SERIAL-F2QVD7EAJCLY. Strange but true was talking on the phone and suddenly phone got overheated and bulged and chances of explosion.. no phone to use now :( #wakeup
237514,@AppleSupport Something is wrong with alarm clock volume post update.,"@172554 Hi. Let's try this: delete all alarms, create a new one at least 5 minutes from, let us know if the alarm sounds as expected. https://t.co/GDrqU22YpT",Something is wrong with alarm clock volume post update.
1080380,@AppleSupport Spotify,@152052 Does the volume decrease with any other apps that have audio? We just want to narrow it down as much as possible.,Spotify
1984075,@AppleSupport why is the letter i glitching,"@587285 Let's help. To better assist, please DM us the device you're using and a few more details about what is going on. https://t.co/GDrqU22YpT",why is the letter i glitching
511170,"@AppleSupport Most of the apps are crashing, freezing or taking 15-20 seconds before I can interact - sometimes the phone restarts. iOS 11.1.2, plenty of free space",@237488 We'll like to look into this a bit further. DM us what country or region you're located in. https://t.co/GDrqU2kzhr,"Most of the apps are crashing, freezing or taking 15-20 seconds before I can interact - sometimes the phone restarts. iOS 11.1.2, plenty of free space"
549626,@115858 can you help me I don’t have Apple Pay on my iPhone and I updated my iPhone to iOS 11.2 please help,"@247983 We're here for you. Can you tell us more about what's going on? Were you expecting to add Apple Pay with iOS 11.2 or was it something else? Also, what country do you live in? DM us and we'll continue. https://t.co/GDrqU22YpT",can you help me I don’t have Apple Pay on my iPhone and I updated my iPhone to iOS 11.2 please help
2009652,If I️ say I️ it’s cause I️ wanna say I️! @115858 y’all full of shit with this damn box shit.,@594250 We've got steps that can solve that. Check those out here: https://t.co/xU1AGHStV6 and let us know if that doesn't help. https://t.co/GDrqU22YpT,If I️ say I️ it’s cause I️ wanna say I️! y’all full of shit with this damn box shit.
1755137,Yo @115858 fix that damn keyboard already,@528582 Here’s what you can do to work around the issue until it’s fixed in a future software update: https://t.co/xXaXeeSRt9,Yo fix that damn keyboard already
333618,@AppleSupport You know and have heard from what I am hearing and seeing,"@195481 To clarify, are you unable to share from Photos to another app? If so, what happens when you try?",You know and have heard from what I am hearing and seeing
2875100,"@115858 why won’t my iphone keep playing podcasts for more than a few minutes while connected to a Bluetooth speaker since the latest update? On a similar note, why won’t it stay connected for very long either?",@748455 Let's take a look at all of this together. Which version of the operating system is your iPhone running? You can find that in Settings &gt; General &gt; About. How long has your iPhone been unexpectedly disconnecting from Bluetooth? Let us know in DM. https://t.co/GDrqU22YpT,"why won’t my iphone keep playing podcasts for more than a few minutes while connected to a Bluetooth speaker since the latest update? On a similar note, why won’t it stay connected for very long either?"
1525157,When ur @115858 Watch takes a tumble #RIP https://t.co/dORTrfRYrn,"@473740 This is an unfortunate situation. Send us a DM, and we can check into options with you. https://t.co/GDrqU22YpT",When ur Watch takes a tumble #RIP
97041,"bro, ever since the update my phone has been trash @115858 ihy",@137183 We want to help. What issues are you experiencing with your iPhone?,"bro, ever since the update my phone has been trash ihy"
2775915,Dear @AppleSupport Please fix the the pop up glitch for the Exchange email saying it isn't my correct password. It's super annoying.,"@775653 When did this begin? Also, what device are you using with Exchange?",Dear Please fix the the pop up glitch for the Exchange email saying it isn't my correct password. It's super annoying.
1187130,This is absolute bull shit from @115858! Fix your fucking battery problem or kiss another customer good bye!!!,@399151 We'd be happy to look into this with you. Send us a DM and we'll continue there. https://t.co/GDrqU22YpT,This is absolute bull shit from ! Fix your fucking battery problem or kiss another customer good bye!!!
118090,@AppleSupport my music app keeps crashing since I updated to iOS 11.1.2 😔,@142185 We're glad you reached out. Try these steps with the Music app and let us know how it goes: https://t.co/fUZ0NRJxcn,my music app keeps crashing since I updated to iOS 11.1.2 😔
2284962,Confiar ue Apple te dé una sesión personalizada a la hora que te ha marcado es una auténtica quimera. Hay alguien ahí? Llevo esperando media hora y aquí seguimos con la ventana abierta @AppleSupport https://t.co/5fqXYpBLps,@663980 We offer support via Twitter in English. Get help in Spanish here: https://t.co/IBIY3vMgPj or join https://t.co/OczyRx7IOs,Confiar ue Apple te dé una sesión personalizada a la hora que te ha marcado es una auténtica quimera. Hay alguien ahí? Llevo esperando media hora y aquí seguimos con la ventana abierta
2147733,@AppleSupport why does every time I️ it makes that exclamation point and a box with a question mark in it?,@631290 We're happy to help. Check out this article for steps to help with this issue: https://t.co/xXaXeeSRt9,why does every time I️ it makes that exclamation point and a box with a question mark in it?
1581415,@115858 i updated my phone and now nothing worksssssss,@486832 We'd be happy to look in to this with you. Could you please confirm what exactly's happening on your iPhone?,i updated my phone and now nothing worksssssss
518295,@AppleSupport please need help iPhone SE .. same probleme as everyone tonight !!,@239247 Glad to assist. Let us know a few more details about what's happening on your device?,please need help iPhone SE .. same probleme as everyone tonight !!
2287430,"@AppleSupport 11.1.1, could just be a bug in the iPhone X tbh. https://t.co/ld0GW1qzL7",@664597 How long before it re-appears after restarting? DM us back. https://t.co/GDrqU22YpT,"11.1.1, could just be a bug in the iPhone X tbh."
2452183,@AppleSupport Right I’ve done the update and it’s not downloading the photos,@702627 Are you connected to a Wi-Fi? Do other apps that connect to the internet such as Safari work?,Right I’ve done the update and it’s not downloading the photos
1646128,@AppleSupport why is my phone changing my words to symbols? #reasonswhyIdontupdate,@502977 We'd be happy to help. Send us a DM with a few details and the iOS version you are using. https://t.co/GDrqU22YpT,why is my phone changing my words to symbols? #reasonswhyIdontupdate
2021113,@115858 fix this I️ shit,@597719 Here’s what you can do to work around the issue until it’s fixed in a future software update: https://t.co/xXaXeeSRt9 https://t.co/GDrqU22YpT,fix this I️ shit
2966582,"@AppleSupport I need y’all to get it together, I ain’t paying all this money for my phone to be freezing every 5 mins and shutting off by itself ! Uhm hello 😡😡",@644325 That's certainly not the experience we want you to have either. Which iPhone and iOS version are you seeing this issue on?,"I need y’all to get it together, I ain’t paying all this money for my phone to be freezing every 5 mins and shutting off by itself ! Uhm hello 😡😡"
84253,@AppleSupport No error message. I have to delete each time and then it can be redownloaded without problems. If you just update them the circle is spinning forever in App Store. Only this few apps.,@134536 OK. Send us a DM with the version of iOS you're currently running and we'll take a closer look. Find that under Settings &gt; General &gt; About. https://t.co/GDrqU22YpT,No error message. I have to delete each time and then it can be redownloaded without problems. If you just update them the circle is spinning forever in App Store. Only this few apps.
1458738,"@AppleSupport Hi again, I checked purchase history and i saw I bought same thing three times, what can i do? ( 110 SR = 29$ ) https://t.co/WuIvg2zI3L",@458589 We're here for you. You'll want to reach out to our iTunes team here: https://t.co/SDIe7UiyJN,"Hi again, I checked purchase history and i saw I bought same thing three times, what can i do? ( 110 SR = 29$ )"
2144632,i’m about tired for this damn glitch! Fix it @115858 !,@630530 We'd be happy to help. DM us and we'll get started. https://t.co/GDrqU22YpT,i’m about tired for this damn glitch! Fix it !
254097,My phone is lagging after updating to os 11 @AppleSupport,"@176399 We’ve got your back! We’ve released a recent update, let us know if you see it available: https://t.co/80YRnjVguS",My phone is lagging after updating to os 11
2046463,Ugh 😡 Since I updated to #ios1102 my phone keeps freezing &amp; its never done that before. Not cool @AppleSupport 👎🏾,"@605222 We want to help you. Restart your iPhone, and DM us if you still experience any issues: https://t.co/OWRDHWSt4h https://t.co/GDrqU22YpT",Ugh 😡 Since I updated to #ios1102 my phone keeps freezing &amp; its never done that before. Not cool 👎🏾
1983039,So if it wasn't for me saving nearly all of my pictures I take onto Snapchat memories 90% of them would be gone. Fuck @115858 hello @122609,"@586968 Hi there. We know your photos are important, so we want to check a few things together. Let's meet in a DM and get started: https://t.co/GDrqU22YpT",So if it wasn't for me saving nearly all of my pictures I take onto Snapchat memories 90% of them would be gone. Fuck hello
2134821,i will be tweeting like this until @115858 fixes this question mark problem.,@628073 Here’s what you can do to work around the issue until it’s fixed in a future software update: https://t.co/xXaXeeSRt9,i will be tweeting like this until fixes this question mark problem.
2013637,"🗣🗣🗣🗣 I️ don’t think I’ve seen a glitch this bad, go on this long. @115858 tf are you doing? https://t.co/vu707fsMnA",@595413 Thanks for reaching out. We have a workaround for this here: https://t.co/xXaXeeSRt9 DM us if you still need help. https://t.co/GDrqU22YpT,"🗣🗣🗣🗣 I️ don’t think I’ve seen a glitch this bad, go on this long. tf are you doing?"
211313,How do I get my fucking keyboard to go away @AppleSupport like why is it constantly there https://t.co/95UUxlq6RN,@166057 Let's look into this together. Does the issue persist after a restart? Here is how you can do that: https://t.co/OWRDHWSt4h,How do I get my fucking keyboard to go away like why is it constantly there
1790884,Thank you @115858 for creating phones that break randomly and let me lose two years worth of memories...not like I needed them or anything 😤😡,@537951 We'd like to help if we can. Tell us more about the issue you're experiencing with your phone in DM. We'll go from there. https://t.co/GDrqU22YpT,Thank you for creating phones that break randomly and let me lose two years worth of memories...not like I needed them or anything 😤😡
94913,@AppleSupport The MacBook Pro was connected via USB for Xcode over the night when i slept :),@136634 Let's move to DM for a closer look. What is your current macOS version? https://t.co/GDrqU22YpT,The MacBook Pro was connected via USB for Xcode over the night when i slept :)
1674762,"@115858 Hey! Uh, when are y’all going to fix this “I” issue?",@509565 Here’s what you can do to work around the issue until it’s fixed in a future software update: https://t.co/xXaXeeSRt9,"Hey! Uh, when are y’all going to fix this “I” issue?"
1734436,@AppleSupport I deleted both and reinstalled and now they are working with “hey Siri”,@240351 Excellent. We're glad to hear it's been sorted out.,I deleted both and reinstalled and now they are working with “hey Siri”
2401815,@115858... what is this new update...😳it’s so blobby and horrible....?!,@691023 We welcome feedback about our products and services here: https://t.co/ltJyuSPZVF,... what is this new update...😳it’s so blobby and horrible....?!
2481469,@AppleSupport When will there be a new update for the iPhone 7 Plus? My phone has been spazzing like crazy lately and I just bought it...,@183673 We'd be happy to help. Send us a DM with a few details and we can start there. https://t.co/GDrqU22YpT,When will there be a new update for the iPhone 7 Plus? My phone has been spazzing like crazy lately and I just bought it...
1762957,Hey @AppleSupport are you ever gonna get rid of this stupid thing? https://t.co/pCRTo05Neg,@530409 Here’s what you can do to work around the issue until it’s fixed in a future software update: https://t.co/xXaXeeSRt9,Hey are you ever gonna get rid of this stupid thing?
295928,@AppleSupport I made the terrible mistske of upgrading iOS and now the phone is as slow as ever and the battery dies twice as fast.,@186474 We'd be happy to assist with your iPhone today. Send us a DM to get started. https://t.co/GDrqU22YpT,I made the terrible mistske of upgrading iOS and now the phone is as slow as ever and the battery dies twice as fast.
2420132,"Ever since I updated to the new iOS, I haven’t been able to receive iMessages, pictures or links. What’s up, @115858?",@695218 That's not normal behavior at all so let's look into this. Were you just not seeing anything come in or are you seeing any errors?,"Ever since I updated to the new iOS, I haven’t been able to receive iMessages, pictures or links. What’s up, ?"
2374358,"@AppleSupport Hi yes, my phone is updated but I’m still seeing it?",@684934 Are you seeing this issue still in your predictive text while you type or somewhere else? Let us know in DM. https://t.co/GDrqU22YpT,"Hi yes, my phone is updated but I’m still seeing it?"
2345910,Every time i wake up my bluetooth is on🤔. So What are you guys doing over night while my phone is idle? @115858,"@678343 We'd love to help. Is your iPhone using iOS 11? If so, the Wi-Fi and Bluetooth buttons in Control Center have changed, for more information, check this out: https://t.co/G7BHuQnDS6",Every time i wake up my bluetooth is on🤔. So What are you guys doing over night while my phone is idle?
2493897,Hey @AppleSupport did you guys realize the “I” bug isn’t only bc of autocorrect and it shows up as an I on desktop but still shows up as a ? on mobile,"@711894 Let us know via DM the devices you are experiencing this on, then we can help out from there. https://t.co/GDrqU22YpT",Hey did you guys realize the “I” bug isn’t only bc of autocorrect and it shows up as an I on desktop but still shows up as a ? on mobile
2622693,"OMG, how creepy is this @115858 ?! I literally just backed up my 6S, then turned on my new 8+ which has no sim and only got as far as picking the language when this alert popped up?! How?! https://t.co/4GUMJdYDa5",@740949 This is by design. Take a look at step 2: https://t.co/fwtrcBcoTC Congratulations on your new iPhone!,"OMG, how creepy is this ?! I literally just backed up my 6S, then turned on my new 8+ which has no sim and only got as far as picking the language when this alert popped up?! How?!"
2413040,Quand le tactile tactile de ton iPhone X Tout neuf sorti de la boite ne marche pas 😡 J’ai découvert ça trop tard pour appeler le service client mais j’espère vraiment que j’en aurais un neuf demain !!!! 😡😡😡😡 @AppleSupport #iPhoneX #Scandale #1329 https://t.co/oYRmE9mNQU,@693689 We offer support via Twitter in English. Contact us for help in your preferred language here: https://t.co/IBIY3vMgPj,Quand le tactile tactile de ton iPhone X Tout neuf sorti de la boite ne marche pas 😡 J’ai découvert ça trop tard pour appeler le service client mais j’espère vraiment que j’en aurais un neuf demain !!!! 😡😡😡😡 #iPhoneX #Scandale #1329
397598,Anyone’s #iPhone8Plus freezing?! It’s the third time mine has done it. It’ll swipe up/down but not sideways. IT’S A MONTH OLD! WTF @115858 😡,"@178635 We want you to be able to use your new iPhone without any issue. Let's work together. To start, which iOS version is installed? https://t.co/GDrqU22YpT",Anyone’s #iPhone8Plus freezing?! It’s the third time mine has done it. It’ll swipe up/down but not sideways. IT’S A MONTH OLD! WTF 😡
1261355,"@AppleSupport why is apple music telling me to subscribe, but then says that I’m already a member when I do so? Can’t play music at all",@152831 We'd be happy to look into what's got your music on pause. Are you part of a family or individual plan?,"why is apple music telling me to subscribe, but then says that I’m already a member when I do so? Can’t play music at all"
2940400,@AppleSupport iPhone 6S IOS 11.1.2,"@812660 Thanks for confirming. This is expected behavior. However, you can submit product feedback about this at https://t.co/eTPVYVFyd8 If there's anything you need in the future, reach out. We'll be happy to help.",iPhone 6S IOS 11.1.2
630123,It makes no sense that you cannot pair/unpair an Apple Watch without factory reset. I just worked out! Fix this! @AppleSupport @115858,"@150253 We'd love to help. If you have a backup, you can restore that to your watch when it's re-paired. https://t.co/ZgliRI8nbI",It makes no sense that you cannot pair/unpair an Apple Watch without factory reset. I just worked out! Fix this!
2439779,@AppleSupport I will do those tips. If it keeps on happening I will contact y’all back. Thanks for the fast response.,@699771 We'll be here if you need us.,I will do those tips. If it keeps on happening I will contact y’all back. Thanks for the fast response.
697314,"@AppleSupport Half the time, the new iOS doesn’t recognize Spotify as an active audio player",@286377 We want to make sure you can enjoy your music 100% of the time. Have you checked if there’s any updates in the App Store?,"Half the time, the new iOS doesn’t recognize Spotify as an active audio player"
1548755,@115858 I️ hate this annoying I️ shit,"@479428 We're happy to work with you. We'd like you to try these steps, and let us know if they help: https://t.co/pjfPUtm7HO",I️ hate this annoying I️ shit
2151163,@AppleSupport Also running into iCloud photo issues since the update,@455912 Is this happening from within the Photos app or elsewhere as well?,Also running into iCloud photo issues since the update
545190,"@AppleSupport every time I restart my 11.1.2 phone I get SMS notifications from years ago, then 1/2 the time the home screen stops working. Backup restore and happening on my iPhone X now too https://t.co/LEI5HWOEni","@241769 That's certainly not what we'd expect you to experience. We'll do all we can to assist. First thing, we'd suggest is to back up the iPhone and update to iOS 11.2 which was just released. You can use this guide if you need it here: https://t.co/80YRnjDFDk","every time I restart my 11.1.2 phone I get SMS notifications from years ago, then 1/2 the time the home screen stops working. Backup restore and happening on my iPhone X now too"
826640,@AppleSupport Nope. More than 90 days old,"@316907 Next, let's make sure you're using the Apple ID that purchased your content, then follow these steps: https://t.co/I39AyMJNgb",Nope. More than 90 days old
51645,@116333 apple watch burning wrist for my fellows @ WA . Please suggest ..,@127595 We would like to get more details to see how we can help. Meet us in DM to get started. https://t.co/GDrqU22YpT,apple watch burning wrist for my fellows @ WA . Please suggest ..
2549903,So put off with @115858 iPhone with the new updates totally screwing up the phone..... want to rewind to my blackberry days !!!,@724470 We want to help. Reach out via DM and let us know what's going on. https://t.co/GDrqU22YpT,So put off with iPhone with the new updates totally screwing up the phone..... want to rewind to my blackberry days !!!
1586293,@AppleSupport Can we start with what is going on here with that A ? That pops up? https://t.co/mjyQTry7Vd,@488024 Thanks for reaching out. We have a workaround for this here: https://t.co/xXaXeeSRt9 DM us if you still need help. https://t.co/GDrqU22YpT,Can we start with what is going on here with that A ? That pops up?
2199285,@AppleSupport It doesn’t connect to the car via the lead and comes up with the message communication error on my car works fine on blue tooth,"@643251 Thanks for clarifying this for us. Sometimes, a firmware update is required for vehicles. Have you checked this?",It doesn’t connect to the car via the lead and comes up with the message communication error on my car works fine on blue tooth
788416,@AppleSupport iPhone SE iOS 11.0.2,@196836 Thank you. Let's move into DM and we'll take a further look. https://t.co/GDrqU22YpT,iPhone SE iOS 11.0.2
336634,@AppleSupport My Apple Watch did not survive a HIIT workout 😢,"@313047 We'd like to help! Send us a DM with more info, and we'll get started. https://t.co/GDrqU22YpT",My Apple Watch did not survive a HIIT workout 😢
400900,@AppleSupport How do I get the Apple heart rate app to show my HR on a watchface? I thought that was a new feature of watchOS 4,"@212137 That's a great question! For more information about the Heart Rate feature, visit the following website. https://t.co/DDoyTd3OQv",How do I get the Apple heart rate app to show my HR on a watchface? I thought that was a new feature of watchOS 4
2852332,@AppleSupport so my MacBook charger set on fire https://t.co/nBqtcSBuLV,"@793027 Hey there, Dave. Thank you so much for bringing this to our attention. Send us a DM, and let us know which Mac this is being used with. We'll have a look into this. https://t.co/GDrqU22YpT",so my MacBook charger set on fire
2403757,Why my iPhone 7+ sometimes blank or crashing on ios. 11 @AppleSupport,@691467 Thanks for reaching out to us. We are always happy to help. Send us a DM so we can look into this with you there. https://t.co/GDrqU22YpT,Why my iPhone 7+ sometimes blank or crashing on ios. 11
55971,This fucking update is the worst! Why can’t we type “i” without funky shit popping up? @115858 #iphone,@128698 We want to help. Which version of iOS do you have installed on your iPhone? You'd see this in Settings &gt; General &gt; About.,This fucking update is the worst! Why can’t we type “i” without funky shit popping up? #iphone
2123287,@115858 this shit is annoying af https://t.co/4WmRXdRkYa,@625485 Here’s what you can do to work around the issue until it’s fixed in a future software update: https://t.co/xXaXeeSRt9,this shit is annoying af
922313,@AppleSupport My lock screen and clock just basically disappear. Don’t get notifications on my lock screen either. iPhone 7 running iOS11.0.3,@338949 We certainly want the device to work for you! We're here to help! Have you tried any restarts yet?,My lock screen and clock just basically disappear. Don’t get notifications on my lock screen either. iPhone 7 running iOS11.0.3
2210679,@115858 needs to step up their game &amp; make night mode a thing in the next iOS update.,@646146 We do currently have a feature called Night Shift. This article explains more: https://t.co/NBE76DOiEM. Is this the feature you're referring to?,needs to step up their game &amp; make night mode a thing in the next iOS update.
2800551,@AppleSupport Although that app doesn’t need up dating and my expiry date is completely fine for a few more years so there shouldn’t be a reason why it’s being rejected,@781288 Let's get you pointed in the right direction. Please DM us and let us know which country you're tweeting from to proceed from here. https://t.co/GDrqU22YpT,Although that app doesn’t need up dating and my expiry date is completely fine for a few more years so there shouldn’t be a reason why it’s being rejected
1596647,@AppleSupport how can I cancel an active subscription? There’s no option to.,@172821 We're happy to help. Take a look here: https://t.co/bOr0wYMLXU Questions? Reach our iTunes Advisors here: https://t.co/SDIe7UiyJN,how can I cancel an active subscription? There’s no option to.
1615496,@AppleSupport Not an error but this notification every time I try to connect to iTunes. https://t.co/UeGhPaSKx1,@495474 Thank you for the screenshot. Can you tell us if you are using a Windows or Mac computer?,Not an error but this notification every time I try to connect to iTunes.
2476122,@AppleSupport I haven’t put my headphones in since opening my iPhone the sound on the speaker just goes out and even when typing,@707817 Thanks for clarifying this for us. Check out the troubleshooting steps outlined here: https://t.co/4Kux8rhhGX Let us know if this helps you.,I haven’t put my headphones in since opening my iPhone the sound on the speaker just goes out and even when typing
1279932,@115858 is there a battery life issue on this new update b’cause i’m sick of my phone dying 20% every 10 minute’s when I’m not even on it 🙂🙂🙂,@419478 We're here to help. Which iOS version did you update to? Let us know in DM. https://t.co/GDrqU22YpT,is there a battery life issue on this new update b’cause i’m sick of my phone dying 20% every 10 minute’s when I’m not even on it 🙂🙂🙂
1485770,Porque en mi iWatch aparecen esos emojis y en mi cel no ?@AppleSupport https://t.co/O8gqNz4YUU,@465031 We offer support via Twitter in English. Get help in Spanish here: https://t.co/IBIY3vMgPj or join https://t.co/OczyRx7IOs,Porque en mi iWatch aparecen esos emojis y en mi cel no ?
794012,Ever since I started getting constant notifications to update to iOS 11 my phone has been dying quicker @115858 whyyyy????,@309321 Your battery life is important to the iPhone. Let's begin by checking out the tips and tricks here: https://t.co/bivpdfBNJ6,Ever since I started getting constant notifications to update to iOS 11 my phone has been dying quicker whyyyy????
1001119,"The new iPhone update is a giant dumpster fire that will ruin your phone. It updated while I was sleeping, I didn’t ask for this 😤 @115858","@357007 We want to help with any issues that you're having on your iPhone. Send us a DM, and we'll get started. https://t.co/GDrqU22YpT","The new iPhone update is a giant dumpster fire that will ruin your phone. It updated while I was sleeping, I didn’t ask for this 😤"
1983079,Your latest update sucks. I’ve never had any problems with it before but it’s getting to the point where i can’t even open my phone. @115858,@586980 We want to be sure you get the most out of iOS 11. We can help! DM us and let us know what's happening specifically. https://t.co/GDrqU22YpT,Your latest update sucks. I’ve never had any problems with it before but it’s getting to the point where i can’t even open my phone.
2516090,So is anyone else not able to place phone calls cause my phone isn’t letting me click on anyone’s name and when i do it hangs up right away wtf @AppleSupport 🙃,@584469 We're here for you. Which version of the iOS are you running? You can check by tapping Settings &gt; General &gt; About.,So is anyone else not able to place phone calls cause my phone isn’t letting me click on anyone’s name and when i do it hangs up right away wtf 🙃
449510,@AppleSupport This happens to me EVERY SINGLE WEEK! I need this podcast to keep me sane. What’s the fix? @221530 https://t.co/xFKzfPV8pR,"@221529 Thanks for reaching out! Have you tried playing this episode off of Wi-Fi? If so, do you receive the same results? Reply in DM to get started. https://t.co/GDrqU22YpT",This happens to me EVERY SINGLE WEEK! I need this podcast to keep me sane. What’s the fix?
661551,@AppleSupport Thanks. We’ve already discussed the only location by me has availability until Monday. I’ve made an appointment.,@273636 That sounds like a good plan. Please feel free to message back if you have any other questions. We're online every day from 5am-8pm PST.,Thanks. We’ve already discussed the only location by me has availability until Monday. I’ve made an appointment.
4913,"@AppleSupport No change since latest update, @AppleSupport :(","@116863 Are all apps up-to-date on the paired iPhone? If so, when was the last update applied to the Apple Watch? Let us know in DM. https://t.co/GDrqU22YpT","No change since latest update, :("
661507,"@AppleSupport , my iPhone does not want to upgrade to iOS 11, nothing appears when I will upgrade, I have already tried everything and I have already uninstalled the program",@277617 We have received your DM and will continue there.,", my iPhone does not want to upgrade to iOS 11, nothing appears when I will upgrade, I have already tried everything and I have already uninstalled the program"
332073,"@115858 IOS 11 has serious performance issues, I’m having a terrible experience with mi iPhone 6sPlus. Not fluid, gets stuck, lags. Fix it!",@195066 This isn't what we want to have happen with that iOS update. Let's pair up in DM to get a better look. https://t.co/GDrqU22YpT,"IOS 11 has serious performance issues, I’m having a terrible experience with mi iPhone 6sPlus. Not fluid, gets stuck, lags. Fix it!"
2942215,@AppleSupport @115858 It doesn’t seem to show up in the video but on the animal crossing the outline of the open button was spinning.,@812886 Thanks for bringing this to our attention. Click here to hop in DM with us and we'll work together to get this sorted. Click here: https://t.co/GDrqU22YpT,It doesn’t seem to show up in the video but on the animal crossing the outline of the open button was spinning.
1528733,Wtf is wrong with my phone @115858 ever since I️ updated. Every time I️ type “I️” it comes out as a question mark. Watch https://t.co/fKHQX3FEoy,@474616 We'll get to the bottom of this. Please send us a DM of your iOS version and we'll continue from there.,Wtf is wrong with my phone ever since I️ updated. Every time I️ type “I️” it comes out as a question mark. Watch
872073,Meu iPhone tá muito bugado. Pq vcs fazem isso @115858 ? @AppleSupport,"@327046 Since our Twitter support is available in English, get help at https://t.co/IBIY3vMgPj or join https://t.co/pvaOFfPbjt",Meu iPhone tá muito bugado. Pq vcs fazem isso ?
2078962,@115858 The new iOS update seems to be crushing my battery life. What gives🤷🏽‍♀️,"@614857 Battery life is important, and we'd like to help! What kind of device do you have? Let's sort this out together in DM: https://t.co/GDrqU22YpT",The new iOS update seems to be crushing my battery life. What gives🤷🏽‍♀️
1149946,@AppleSupport Why does iOS 11 Siri cut me off mid-sentence while dictating a text message? Every time.,@390603 We're here to help! When did this behavior first begin? Does this occur each time you try to use this feature?,Why does iOS 11 Siri cut me off mid-sentence while dictating a text message? Every time.
1699989,My iPhone broke the day the iPhone X came out. You’re company is one big scam @115858,@515534 Wecan help. DM us and tell us which iPhone you have and the details of your situation. https://t.co/GDrqU22YpT,My iPhone broke the day the iPhone X came out. You’re company is one big scam
1456481,"@AppleSupport through iTunes but I deleted some songs a while ago , how can I get them back ?",@61276 We can take a look together. DM us and we'll work from there: https://t.co/GDrqU22YpT,"through iTunes but I deleted some songs a while ago , how can I get them back ?"
722163,How do u find a lost apple item @AppleSupport @2854,@292886 We'd be happy to help. Can you tell us what type of item you have lost?,How do u find a lost apple item
41620,"@125156 اتفق معك ... . . @AppleSupport . The device is still disconnected after the last update, this compline is from most of people",@125155 We're here to help. DM us details about what's going on with your device. https://t.co/GDrqU22YpT,"اتفق معك ... . . . The device is still disconnected after the last update, this compline is from most of people"
1651960,I’ve been having this alot after #ios11update @115858 https://t.co/uNgAUNLAmK,@216588 We're here to help. Let's take this to DM so we can better assist you. https://t.co/GDrqU22YpT,I’ve been having this alot after #ios11update
2433695,"@AppleSupport #ios11 App Store continues downloading the app infinitely!!!! Very frustrating!!! Nothing happens, just loading!!!",@404509 Let's get this resolved. Have you tried using both Wi-Fi and Cellular data? Let us know in DM. https://t.co/GDrqU22YpT,"#ios11 App Store continues downloading the app infinitely!!!! Very frustrating!!! Nothing happens, just loading!!!"
1989931,"@AppleSupport Thanks for the terrible update. My Apple Music wouldn't work at all and now phone won't update, without a phone",@588913 Thanks for reaching out to us. We are always happy to help. Send us a DM with more details. We'll help you there. https://t.co/GDrqU22YpT,"Thanks for the terrible update. My Apple Music wouldn't work at all and now phone won't update, without a phone"
1973498,"@AppleSupport every time I️ type the letter “I️” it changes, what’s going on?","@584458 We want to help with this. In DM, could you please let us know the exact software version you're using on your device. https://t.co/GDrqU22YpT","every time I️ type the letter “I️” it changes, what’s going on?"
1690721,@115858 okay y’all owe me a new phone 😒😞😒,@513289 We've received your DM and will continue working with you there. Look for a reply from us shortly.,okay y’all owe me a new phone 😒😞😒
1454604,"@AppleSupport it died and wont turn on, error 4013. It's bogus. wont let me update.","@457610 Thank you. Next, which iPhone model are you using? Are you seeing that error in iTunes?","it died and wont turn on, error 4013. It's bogus. wont let me update."
1599229,Anyone else having #iOS111 issues? My wifi keeps disconnecting. @AppleSupport #ios11 #apple,@491111 We want to be sure your staying connected to Wi-FI. What device are you using with iOS 11?,Anyone else having #iOS111 issues? My wifi keeps disconnecting. #ios11 #apple
2304554,". @AppleSupport you need to work on this bug, it’s a real self-esteem killer https://t.co/iwv0acDzuH",@584848 We want to help. Follow these steps here for an accurate workout: https://t.co/evTpsN4Raj,". you need to work on this bug, it’s a real self-esteem killer"
849912,"@AppleSupport bonjour , depuis la maj iOS 11.0.3 mon iPhone6+ fige et le clavier est lent. Solution ? #obsolescence",@321945 We offer support via Twitter in English. Contact us for help in your preferred language here: https://t.co/IBIY3vMgPj.,"bonjour , depuis la maj iOS 11.0.3 mon iPhone6+ fige et le clavier est lent. Solution ? #obsolescence"
393120,"@AppleSupport updating now, hope there’s improvement.",@209098 Let us know the results.,"updating now, hope there’s improvement."
1411642,I just got my phone and my charger stopped working... what’s the deal...?? @115858,@448092 We can help. What happens when you use the charger? Where is it plugged?,I just got my phone and my charger stopped working... what’s the deal...??
1539278,@AppleSupport hi I’ve got my I phone x in the keynote there was video of a game you can use. What’s the app called ?,@424003 We hope you love your new iPhone X! Do you mean the multiplayer game that was featured in the segment about Augmented Reality?,hi I’ve got my I phone x in the keynote there was video of a game you can use. What’s the app called ?
1818401,". @AppleSupport, the new #WatchOS update has completely messed up step count/fitness activity measurement! (Anyone else having issues?)","@546200 We want your activity data to be accurate, and we can help. DM us with details, and we'll find a solution together. https://t.co/GDrqU22YpT",". , the new #WatchOS update has completely messed up step count/fitness activity measurement! (Anyone else having issues?)"
322066,Alarm çalınca Wi-fi açılıyor muazzam özellik #ios1102 @AppleSupport,@192732 We offer support via Twitter in English. Contact us for help in your preferred language here: https://t.co/IBIY3vMgPj,Alarm çalınca Wi-fi açılıyor muazzam özellik #ios1102
1662190,@AppleSupport Any time of tge day,@506899 Got it. Join us in DM using the link below. We'd like to start troubleshooting with you. https://t.co/GDrqU22YpT,Any time of tge day
1081489,"@AppleSupport 11.0.3 yes, I turn it off, I leave my house and then if I pass somewhere I’ve connected to the WiFi before it turns itself back on","@375115 To clarify, if you go to Settings &gt; Wi-Fi, is Wi-Fi toggled off?","11.0.3 yes, I turn it off, I leave my house and then if I pass somewhere I’ve connected to the WiFi before it turns itself back on"
2363031,@AppleSupport Here it is https://t.co/qmordZ7GB7,@682286 Thanks for that. Let's continue our conversation in DM. https://t.co/GDrqU22YpT,Here it is
1224620,@AppleSupport How to get that word with g in it not to show. I never did that typo. Even Urban Dictionary has it listed as an Apple typo. https://t.co/Pv84m8Doib,"@407294 Great question! This may be a word learned by the device. Before we give info on correcting, what iOS do you have installed?",How to get that word with g in it not to show. I never did that typo. Even Urban Dictionary has it listed as an Apple typo.
63227,@AppleSupport Will Apple Remote Desktop allow me to connect to something on a different network? 2/2 thanks for any help,"@130508 Hi. It's designed for use on the same network, but does have a remote feature, as explained here: https://t.co/wDmm2ezyrq",Will Apple Remote Desktop allow me to connect to something on a different network? 2/2 thanks for any help
808205,@AppleSupport Hi I'm from Uk. I purchased a MacBook over a year ago. Is it still under warranty under U.K. Consumer law? I have a dead pixel,@312574 We're here to help. Please DM us via the following link and we can assist you further from there. https://t.co/GDrqU22YpT,Hi I'm from Uk. I purchased a MacBook over a year ago. Is it still under warranty under U.K. Consumer law? I have a dead pixel
1704712,Can someone at @AppleSupport explain why I️ can’t use I️ anymore without typing a ? The spirit of jobs is not happy,@516715 Here’s what you can do to work around the issue until it’s fixed in a future software update: https://t.co/xXaXeeSRt9 https://t.co/GDrqU22YpT,Can someone at explain why I️ can’t use I️ anymore without typing a ? The spirit of jobs is not happy
1643943,@115858 needs to get their shit together. every time i type the letter i️ it comes up an A with a box + question mark. piss off and me type what i️ want. shit is mad annoying,@502413 Here’s what you can do to work around the issue until it’s fixed in a future software update: https://t.co/xXaXeeSRt9,needs to get their shit together. every time i type the letter i️ it comes up an A with a box + question mark. piss off and me type what i️ want. shit is mad annoying
939144,@AppleSupport is there a way to disable the keyboard settings shortcut? https://t.co/5IqlJV3rdP,"@315733 Hey there! That's a fantastic question! We'd like to lend a hand and help out. For starters, could you tell us which Apple device you're using?",is there a way to disable the keyboard settings shortcut?
2321154,"Anyone else having an issue with their iPhone 7plus not maintaining the camera settings? Live Photos keeps turning on, my photo grid keeps turning off. Uuuugh. @AppleSupport, suggestions?",@160251 We can help! Which version of iOS is this happening on? Find that in Settings &gt; General &gt; About and reply in DM. https://t.co/GDrqU22YpT,"Anyone else having an issue with their iPhone 7plus not maintaining the camera settings? Live Photos keeps turning on, my photo grid keeps turning off. Uuuugh. , suggestions?"
1099653,@AppleSupport why is text messaging so buggy and predictive text keeps dropping on new iOS?,@379500 We are here to help. DM us the details of your issue and we can take a look. https://t.co/GDrqU22YpT,why is text messaging so buggy and predictive text keeps dropping on new iOS?
1574357,@485200 @115858 confused + frustrated,@485199 Thank you for taking the time to reach out to us. We'll be glad to help! Can you tell us more about the keyboard issues?,confused + frustrated
1470832,If @115858 doesn’t fix this damn “I” issue. Pay way too much for this bullshit.,@461405 Thanks for reaching out. We're here to help. DM us so we can look into this further with you. https://t.co/GDrqU22YpT,If doesn’t fix this damn “I” issue. Pay way too much for this bullshit.
1990031,@AppleSupport i have the latest version of itunes and everything..I followed all the instructions on the site and it still wont work,@588948 We'd love to help. What happens when you use iTunes to restore your iPhone? Any error messages? Let us know in DM. https://t.co/GDrqU22YpT,i have the latest version of itunes and everything..I followed all the instructions on the site and it still wont work
1497019,"iOS 11 is total and complete trash. Apps shut down, messages don’t send, videos don’t send via sms or iMessage. @AppleSupport #youhadonejob",@467563 We're here for you. Please DM us the version of iOS 11 you're using and we can go from there together. https://t.co/GDrqU22YpT,"iOS 11 is total and complete trash. Apps shut down, messages don’t send, videos don’t send via sms or iMessage. #youhadonejob"
2095801,Anybody else not having data properly recorded with apple health? @AppleSupport,@619164 Hi. We are here to help. What device are you using? Let us know in DM. Thanks. https://t.co/GDrqU22YpT,Anybody else not having data properly recorded with apple health?
1805787,GET YOUR SHIT TOGETHER @115858 Fix this WiFi/Bluetooth issue.,"@542581 If you are having issues with Wi-Fi and Bluetooth, we want to help! Click the DM link and let us know what's happening. https://t.co/GDrqU22YpT",GET YOUR SHIT TOGETHER Fix this WiFi/Bluetooth issue.
2562362,@AppleSupport What’s going on with my keyboard? What am I️ still getting the box with the question mark? Y’all addressed this weeks ago and yet still haven’t fixed the problem..?,"@727171 An update has been released that addresses this issue. If you haven't already, back up your iPhone and update to iOS version 11.1.1. For more information about this, click here: https://t.co/xXaXeeSRt9 DM us if you have questions. https://t.co/GDrqU22YpT",What’s going on with my keyboard? What am I️ still getting the box with the question mark? Y’all addressed this weeks ago and yet still haven’t fixed the problem..?
2920018,@AppleSupport hi there! Does exit a problem with Game Center in Mexico now? I can’t play any of my games . Appears an error with the server!,"@808178 We'd be happy to look into this with you so you can get back to enjoying your games. Which device is this happening on, and what's the iOS version in Settings &gt; General &gt; About &gt; Version? What does the error say that you're receiving?",hi there! Does exit a problem with Game Center in Mexico now? I can’t play any of my games . Appears an error with the server!
1747400,"@AppleSupport fr dude fix the situation with this I️ mess , it’s really annoying ! doesn’t make sense at all 😒",@526771 Hey there. Here’s what you can do to work around the issue until it’s fixed in a future software update: https://t.co/uQeXsrrlXJ,"fr dude fix the situation with this I️ mess , it’s really annoying ! doesn’t make sense at all 😒"
50843,@AppleSupport I can receive on my facetime - MacBook air. However if I try to vidcall the other person won't get my call. What can I do?,@127411 We're here for you. Check out this article for help with FaceTime: https://t.co/9TOn04wzxN,I can receive on my facetime - MacBook air. However if I try to vidcall the other person won't get my call. What can I do?
961385,@AppleSupport My phone is not even a month old and this is what i am phasing 😕,@348142 Let's move to DM for a closer look. Did restarting help at all? https://t.co/GDrqU22YpT,My phone is not even a month old and this is what i am phasing 😕
2741949,@AppleSupport The battery is draining fast as well after this 11.1 update. Slow response time on everything. It is not the internet.,"@767811 Got it. We've released iOS 11.1.2 recently. Let's back up, update, and check if you continue to see the same behavior. We can dig further into this then if it does. Here's a guide if you need it for that process: https://t.co/80YRnjDFDk",The battery is draining fast as well after this 11.1 update. Slow response time on everything. It is not the internet.
2072495,"Hey @applesupport fix 11.0.2! My Phone’s been unplugged for an hour and 30, I’m down to 33% used to last all day WTF?!",@612991 We want to help. Try following these steps: https://t.co/bivpdfBNJ6 DM us if you are still having issues. https://t.co/GDrqU22YpT,"Hey fix 11.0.2! My Phone’s been unplugged for an hour and 30, I’m down to 33% used to last all day WTF?!"
1525172,My phone just went from 35%-33%... @AppleSupport,"@473745 While it's normal for a battery to drain while in use, we'd like to help. What exactly is the issue and on which device?",My phone just went from 35%-33%...
81824,@AppleSupport 11.1.2,@134124 Thank you for that information. DM us your country to continue. https://t.co/GDrqU22YpT,11.1.2
145290,"@AppleSupport So basically, the iOS 11 upgrade stopped support for “Hey Siri” on iPhones 6 and earlier. That’s very unlike Apple!","@148935 You can actually still use the feature on iPhone 6 or earlier, but it requires that the iPhone be plugged into power in order to do so. On 6s or later models, it's not necessary to be charging the device.","So basically, the iOS 11 upgrade stopped support for “Hey Siri” on iPhones 6 and earlier. That’s very unlike Apple!"
215384,@AppleSupport @318 yall ruined my podcast experience with ios11. My Bluetooth headset connects with music and doesn't let me pause,"@167178 Which Bluetooth headset are you using with iOS 11? Also, which device does this occur on? Let us know, we'd like to help.",yall ruined my podcast experience with ios11. My Bluetooth headset connects with music and doesn't let me pause
1558806,@AppleSupport why is my phone being wack. Why are y’all like this when new phones come out? Huh? Tell me why this 👉🏾 I️ is I,@481743 Let's have a look at this issue together. Please DM us. https://t.co/GDrqU22YpT,why is my phone being wack. Why are y’all like this when new phones come out? Huh? Tell me why this 👉🏾 I️ is I
2902003,@AppleSupport What's with the terrible support and iMessage server being unavailable? Isn't Apple supposed to be better than every other oversized compnay that doesn't care about its customers?,"@567368 We'd be happy to take a look at this with you! To start, what model device and OS version are we working with? Also, what country are you located in?",What's with the terrible support and iMessage server being unavailable? Isn't Apple supposed to be better than every other oversized compnay that doesn't care about its customers?
2960099,this is the second time I brought this little piece of shit and it stopped work AGAIN get your shit together @115858 🙄😒 https://t.co/Q2NToyjLjB,@816968 We'd like to know more about what's happening to figure out the best way to help. What type of device are you trying to use the headphone adapter with? Let us know via DM. We'll look forward to hearing back from you. https://t.co/GDrqU22YpT,this is the second time I brought this little piece of shit and it stopped work AGAIN get your shit together 🙄😒
553559,"@AppleSupport how do I change my ringer/notifications volume? Using the volume keys on the home screen used to display “ringer”, now it says “volume”. What’s the deal?",@249109 We can assist here. Go to Settings &gt; Sound and make sure Change With Buttons is enabled.,"how do I change my ringer/notifications volume? Using the volume keys on the home screen used to display “ringer”, now it says “volume”. What’s the deal?"
2274171,@AppleSupport The support site doesn’t allow me to submit the form,@661493 No worries! You can call in to work with one of our iTunes Store specialists by phone also: https://t.co/1OxnSOXiWG,The support site doesn’t allow me to submit the form
1573656,@115858 @116333 that’s weird I can’t find or access the Apple news app a fix would be nice 👍 https://t.co/mqP5r0d6Ou,@485021 We'd like to help you out with this. Which country are you currently in? DM us here: https://t.co/GDrqU22YpT,that’s weird I can’t find or access the Apple news app a fix would be nice 👍
402252,@AppleSupport kindly check DM. Thanks,@211146 We received your DM. Look for our response there shortly. Thank you.,kindly check DM. Thanks
1524086,"@AppleSupport Thx, but only after recent updates, maybe Apple 🍏 wants to change that? 👌🏼",@473486 We would appreciate your feedback about this. Please fill out and submit our online form here: https://t.co/eTPVYVFyd8,"Thx, but only after recent updates, maybe Apple 🍏 wants to change that? 👌🏼"
556224,"@AppleSupport @116333 tried to send cash via massages and couldn’t find out how. Yes, I have downloaded iOS 11.2. Help?",@249937 We'd like to assist you with getting this sorted. Let's hop in DM. Click here and we'll continue there: https://t.co/GDrqU22YpT,"tried to send cash via massages and couldn’t find out how. Yes, I have downloaded iOS 11.2. Help?"
2580531,@AppleSupport Looking at website and site gone / black screen,@196932 Is this happening only in the web browser? Which web browser are we working with? Please DM us and we'll continue working together there. https://t.co/GDrqU22YpT,Looking at website and site gone / black screen
1396253,@AppleSupport I can’t downloads apps . Keep saying declined payment I never brought anything https://t.co/HQJQOvXyxW,@444688 Thanks for reaching out to us. We've got your DM and will continue there.,I can’t downloads apps . Keep saying declined payment I never brought anything
1370254,". @AppleSupport ever since iOS11, messages send slow &amp; photos on iMessage take too long! PLUS my signal strength is SUPER LOW. Thoughts?","@438955 We’d love to help. To start, send us a DM with which device and version of iOS 11 you’re using. https://t.co/GDrqU22YpT",". ever since iOS11, messages send slow &amp; photos on iMessage take too long! PLUS my signal strength is SUPER LOW. Thoughts?"
2206027,@AppleSupport Is there a fast/quick charger for @115858 #iPhone8Plus available separately? Could you send me an @115821 @115850 link plz?,@121289 Fast chargers are available. Look here for details: https://t.co/M0KamLrtwG and here for options: https://t.co/i1UvwNbTE3,Is there a fast/quick charger for #iPhone8Plus available separately? Could you send me an link plz?
2016709,@AppleSupport uhhh you all need to create an iOS 11 update quick because this mess is f&amp;cked up 🤬🙄,@596390 Thanks for reaching out! What kind of issues are you experiencing since update? Let us know in DM so we can better assist. https://t.co/GDrqU22YpT,uhhh you all need to create an iOS 11 update quick because this mess is f&amp;cked up 🤬🙄
584729,My charger just broke I’m sueing for inconvenience @115858 https://t.co/PdbaiPLV5v,@257985 We'd like to review some options for your charger. Please DM us when you have a free moment. https://t.co/GDrqU22YpT,My charger just broke I’m sueing for inconvenience
2013920,@AppleSupport drag and drop between tow finder windows makea the desctop of my mac freeze. New high sierra. Any help?,@595497 We'd like to look into this further with you. Could you Direct Message us and let us know what version of Windows you're using? https://t.co/GDrqU22YpT,drag and drop between tow finder windows makea the desctop of my mac freeze. New high sierra. Any help?
2565804,Updated the update and my I’s still look like boxes..... @115858 what is wrong with u,@727920 Helping you enjoy a smoother experience with your iPhone is a top priority. Follow us to DM and we'll provide additional info. https://t.co/GDrqU22YpT,Updated the update and my I’s still look like boxes..... what is wrong with u
157732,@AppleSupport My iPhone 6 in ios 11.1.2 is problem wifi automatically on,@764963 Thanks for reaching out. This behavior is a new feature of iOS 11. This article explains: https://t.co/G7BHuQnDS6 We're here for you if you have any questions. Just let us know.,My iPhone 6 in ios 11.1.2 is problem wifi automatically on
2572003,@AppleSupport My apps are all glitching and my music stops playing for no reason all the time,"@729337 Can you clarify for us what you mean when you say the apps are glitching? Are you listening to music via the Music app or a third-party app? Also, can you tell us the exact iOS version?",My apps are all glitching and my music stops playing for no reason all the time
2207410,@645373 @AppleSupport My advice is don’t do it until they work out this battery issue unless you’re cool with a 3-4 hour battery life.,"@664727 Thanks for reaching out. If you're having an issue with your battery life, we'd like to assist. Send us a DM with your iPhone model. We'd like some details to continue. https://t.co/GDrqU22YpT",My advice is don’t do it until they work out this battery issue unless you’re cool with a 3-4 hour battery life.
1691872,Hey @115858 @AppleSupport FIX THIS I️ PROBLEM BEFORE I️ LOSE IT,@513558 Here’s what you can do to work around the issue until it’s fixed in a future software update: https://t.co/xXaXeeSRt9,Hey FIX THIS I️ PROBLEM BEFORE I️ LOSE IT
1802982,@115948 and @115858 I’m legit sick of y’all shit!,@541757 We'd be happy to help with any music concerns. Tell us more about the issue you're experiencing via DM. We'll go from there. https://t.co/GDrqU22YpT,and I’m legit sick of y’all shit!
2304644,So apparently it’s not this either bc there’s more than enough balance and I’m annoyed bc I still can’t update. @115858 why https://t.co/8AuSDf35os,@668681 We're here to help. Let's try the steps listed in this support article: https://t.co/U96y4MTG7k,So apparently it’s not this either bc there’s more than enough balance and I’m annoyed bc I still can’t update. why
1296700,@AppleSupport HELPPP,@423072 We'd be happy to assist in any way possible. What's going on?,HELPPP
1915236,@AppleSupport Hi! 6S that’s just over a year old. #iphone #apple https://t.co/ok1rOkSehh,"@357407 Have you tried any troubleshooting steps? If not, let's start with these and DM us the results: https://t.co/XlmCP2gCtj https://t.co/GDrqU22YpT",Hi! 6S that’s just over a year old. #iphone #apple
382413,Does Anyone Know Of A Good Battery Saver For @115858.? Their Battery Charge Doesn’t Last Long!,@159871 Try following this article: https://t.co/TpjqFp3jxD,Does Anyone Know Of A Good Battery Saver For .? Their Battery Charge Doesn’t Last Long!
1641920,@115858 what is wrong with this? I️ is not working!,@501913 Here’s what you can do to work around the issue until it’s fixed in a future software update: https://t.co/xXaXeeSRt9,what is wrong with this? I️ is not working!
552223,I swear @115858 sends out a virus bc my phone should not be tripping like this!,@248745 We would like to hear more about what is going on. Please send us a DM with details about your issue and we can go from there. https://t.co/GDrqU22YpT,I swear sends out a virus bc my phone should not be tripping like this!
2379334,@AppleSupport These steps did not work for me. When I did it it said the phone is locked. Try again!😒,@686135 Let's work together on this. Meet us in DM here: https://t.co/GDrqU22YpT,These steps did not work for me. When I did it it said the phone is locked. Try again!😒
1837871,@AppleSupport So whats the Problem here?,@550939 We'd like to gather some more information for better troubleshooting. Can you DM us the country you are located in? https://t.co/GDrqU22YpT,So whats the Problem here?
995754,Why has my phone been glitching like no other since this update??!? @115858 😒,"@355862 We're here to help. DM us, and we can look into this for you. https://t.co/GDrqU22YpT",Why has my phone been glitching like no other since this update??!? 😒
1482389,@AppleSupport i️ want answers,@464204 We're happy to help you with your concerns today. Let's meet up in DM to discuss what you're seeing. https://t.co/GDrqU22YpT,i️ want answers
1946832,I never really believed that @115858 phones really messed up when the new iPhones came out until I switched to iPhone and now see it 1st hand,"@544877 It's definitely not expected behavior, so we'd love to get to the bottom of this with you. Please DM us. We'll continue there. https://t.co/GDrqU22YpT",I never really believed that phones really messed up when the new iPhones came out until I switched to iPhone and now see it 1st hand
993342,Had my phone on for 2 minutes and it went from 78% to 64% fix this shit @115858,@355314 We're here to help. Which device and iOS is this happening with? DM us and let us know. https://t.co/GDrqU22YpT,Had my phone on for 2 minutes and it went from 78% to 64% fix this shit
208030,Uh ohhhh @115858 3D Touch isn’t giving that haptic feed back on my 8 Plus smh disappointed,@165214 We can help with your new iPhone 8 Plus. What happens when you press an app icon on the Home screen?,Uh ohhhh 3D Touch isn’t giving that haptic feed back on my 8 Plus smh disappointed
1591998,@AppleSupport the fuck is this shit,@489377 Hey! Look into this workaround. If you type the letter “i” &amp; it autocorrects to an “A” with a symbol: https://t.co/xXaXeeSRt9,the fuck is this shit
1367591,@115858 just got home with my new Apple Watch and they have given me the wrong band in the Covent Garden London store.,"@438361 Hey, we want to hear more about what happened. Send us a DM and we'll go from there. https://t.co/GDrqU22YpT",just got home with my new Apple Watch and they have given me the wrong band in the Covent Garden London store.
2152928,@AppleSupport Yeah. 11.1 15B93. I noticed it on Messenger and WhatsApp with long notifications after Raise to Wake. I’m on iPhone 7 btw,@632616 Thanks! Has the device been restarted since you noticed this issue?,Yeah. 11.1 15B93. I noticed it on Messenger and WhatsApp with long notifications after Raise to Wake. I’m on iPhone 7 btw
313009,@AppleSupport : I still get notifications on #Testflight about an app I'm no longer a beta tester. How do I stop this ?,@190749 We're happy to help. Join us in DM so we may better assist you: https://t.co/GDrqU22YpT,: I still get notifications on #Testflight about an app I'm no longer a beta tester. How do I stop this ?
1690092,@AppleSupport No. Wouldn’t know where to start!,"@513092 Let's try a restart first: https://t.co/OWRDHWSt4h Also, do you have a recent backup?",No. Wouldn’t know where to start!
1571701,I’m tired of this box shit like fix it @115858 🙄 I️ shouldn’t have to correct this shit myself,@484572 This link can help with that: https://t.co/xU1AGHStV6,I’m tired of this box shit like fix it 🙄 I️ shouldn’t have to correct this shit myself
936755,@115858 Is this happening to anyone else- my phone just keeps freezing since I updated it. Any solutions??,@342066 Let's check this out together. Follow us to DM and we'll take a closer look. https://t.co/GDrqU22YpT,Is this happening to anyone else- my phone just keeps freezing since I updated it. Any solutions??
1270260,"Hey, @115858, I can’t see any logical reason for this in iOS 11: it’s a bug, isn’t it? #VeryAnnoying https://t.co/twBq16PLZq",@417405 Thanks for bringing this to our attention. We'd like to look into this further. Click here to DM us: https://t.co/GDrqU22YpT,"Hey, , I can’t see any logical reason for this in iOS 11: it’s a bug, isn’t it? #VeryAnnoying"
2605265,@AppleSupport why do ALL of my photos have the exclamation mark in the corner n in low quality? I’m connected to WiFi :(((,@737124 Let's make sure your photos are showing up as you expected! What device is this on?,why do ALL of my photos have the exclamation mark in the corner n in low quality? I’m connected to WiFi :(((
2005238,Hey @115858 wtf is this shit?!?! Cut it out fam https://t.co/7GqFTAMWY0,@592989 We're happy to look into this with you. Check out our article here: https://t.co/xU1AGHStV6 DM us any other questions. https://t.co/GDrqU22YpT,Hey wtf is this shit?!?! Cut it out fam
1886925,"@AppleSupport I have a 64gb iPhone 6S. So far the most problematic apps have been: iMessage, Spotify, Podcasts, Tinder, YouTube, Messenger, and News",@562783 Got it. The issues seem to be impacting both Apple and 3rd party apps. Go ahead and DM us your exact iOS version here: https://t.co/GDrqU22YpT,"I have a 64gb iPhone 6S. So far the most problematic apps have been: iMessage, Spotify, Podcasts, Tinder, YouTube, Messenger, and News"
2038121,@AppleSupport My bottom menu bar frequently goes missing....what’s wrong with #ios11 https://t.co/UELCyYcbIj,@511239 We can certainly take a look at this with you. Send us a DM and let us know what device this is happening with. https://t.co/GDrqU22YpT,My bottom menu bar frequently goes missing....what’s wrong with #ios11
965352,@AppleSupport Ok so once I can get in to the tv app it’s fine. It I have to be connected to the store to get it. Can I change that?,"@349069 It's possible to download purchased content for offline viewing. Other than this message, is your iPad online? Please DM us. https://t.co/GDrqU22YpT",Ok so once I can get in to the tv app it’s fine. It I have to be connected to the store to get it. Can I change that?
766250,I got the newest update meant to fix bugs but now my iPhone keeps randomly shutting down @AppleSupport wtf did you do to my phone???,@303127 Let’s look into this together. Reach out to us in DM and we will help. https://t.co/GDrqU22YpT,I got the newest update meant to fix bugs but now my iPhone keeps randomly shutting down wtf did you do to my phone???
2199227,In the span of 45 seconds; I went from 27 to 18% battery life (in Low Power Mode) on the 2nd day since I left iOS 10.3.3 @AppleSupport,@553854 Let's move over to a DM and discuss the battery issues further. We understand how vital the battery is. https://t.co/GDrqU22YpT,In the span of 45 seconds; I went from 27 to 18% battery life (in Low Power Mode) on the 2nd day since I left iOS 10.3.3
1103724,@AppleSupport new IOS 11 causing electronic medical rececord app MyMedRec to not work and important medical data unavailable!,@380450 We'll help anyway we can. Is this only happening with the third-party app?,new IOS 11 causing electronic medical rececord app MyMedRec to not work and important medical data unavailable!
1733785,@425231 Finally someone else has the same issue!!! @AppleSupport,@129781 Here’s what you can do to work around the issue until it’s fixed in a future software update: https://t.co/xXaXeeSRt9,Finally someone else has the same issue!!!
602414,@115858 needs to fix this phone turning of problem 😡,"@263003 We understand needing that fixed. Let's get working on that. Which iOS are you running? If you are not on iOS 11.2, please update and see if the issue is resolved then: https://t.co/80YRnjDFDk",needs to fix this phone turning of problem 😡
2591352,"Oops, I meant to tweet that @AppleSupport! I am good at Twitter.",@733927 No worries! We can help look into your battery and why it's dying. Let's chat over in Direct Message. https://t.co/GDrqU22YpT,"Oops, I meant to tweet that ! I am good at Twitter."
94814,Dear @AppleSupport why does the itunes flash black for some time after applying the update on iPhone 8? The below error pops after the black flash https://t.co/6lU6G1n3xr,"@136599 You’ve come to the right place. Let’s begin by gathering some information. What iOS version is your iPhone 8 running? Also, send us a DM and tell us what happens after restarting it following these steps: https://t.co/OWRDHWSt4h https://t.co/GDrqU22YpT",Dear why does the itunes flash black for some time after applying the update on iPhone 8? The below error pops after the black flash
1776841,@AppleSupport That didn’t work. 😪😪,@533929 We're here to help. DM us so we can look into this further with you. https://t.co/GDrqU22YpT,That didn’t work. 😪😪
452590,"@appleSupport A few nights ago, there was a click, flash of light &amp; surge reset on my #SurgeProtector . Now I see several hairline cracks. Don't think plugging this in is a good idea to test? Any chance of #Warranty applying to this? https://t.co/s5jsfiLyt5","@222369 We'd like to look into this with you. To start, DM us with which country you are located in and the device you use with this power adapter. https://t.co/GDrqU22YpT","A few nights ago, there was a click, flash of light &amp; surge reset on my #SurgeProtector . Now I see several hairline cracks. Don't think plugging this in is a good idea to test? Any chance of #Warranty applying to this?"
1988783,i screenshot on facetime and it didn’t save ? @AppleSupport,"@588616 Is this happening on an iOS device? If so, have you updated to iOS 11.1 yet? Let us know in DM and we'll continue there. https://t.co/GDrqU22YpT",i screenshot on facetime and it didn’t save ?
1760240,@AppleSupport I did both and still received an error notification,"@529791 Please DM us, and we can help more from there. https://t.co/GDrqU22YpT",I did both and still received an error notification
1765954,@AppleSupport I still can't Update,@531091 We're here for you. Send us a DM with your current iOS version and we'll get started there. https://t.co/GDrqU22YpT,I still can't Update
2014055,So @AppleSupport when are you gonna fix our texting so we can say “I️” again?,@595542 Thanks for reaching out. We have a workaround for this here: https://t.co/xXaXeeSRt9 DM us if you still need help. https://t.co/GDrqU22YpT,So when are you gonna fix our texting so we can say “I️” again?
2341729,"@115858 Battery starts depleting at ridiculous rate, phone freezes/ shuts down then reboots back with some battery life left, SMS &amp; voicemail messages not coming through &amp; bluetooth sporadically won’t connect to car, speaker phone also won’t work unless I switch phone off🤷🏻‍♀️😒",@677361 Thanks for further clarifying your situation. Did all these behaviors begin at the same time? Let us know via a DM. We’ll keep moving forward from there. https://t.co/GDrqU22YpT,"Battery starts depleting at ridiculous rate, phone freezes/ shuts down then reboots back with some battery life left, SMS &amp; voicemail messages not coming through &amp; bluetooth sporadically won’t connect to car, speaker phone also won’t work unless I switch phone off🤷🏻‍♀️😒"
1156289,@AppleSupport It doesn’t matter. She hasn’t changed anything app/music wise but did software update,@142760 Got it. DM us the exact iOS version and we'll take a closer look into this. https://t.co/GDrqU22YpT,It doesn’t matter. She hasn’t changed anything app/music wise but did software update
1565157,@AppleSupport can y’all just send me a new charger,@483201 We'd be happy to look into this with you further. DM us using the link below to get started. https://t.co/GDrqU22YpT,can y’all just send me a new charger
2015339,@AppleSupport so with fast charging my iphone x has been stuck at 80%,@592983 Thanks for keeping us updated. Does this also happened with the included charger? Let us know via a DM. We’ll move from there. https://t.co/GDrqU22YpT,so with fast charging my iphone x has been stuck at 80%
2777584,Since the last #iOS update. @AppleSupport @122427 @123196 https://t.co/RWFuaGvsjM,"@776006 Let's see how we can help! Is this the only website you are having difficulties accessing using Safari, or do you receive this error for other websites as well?",Since the last #iOS update.
1765067,When are you fixing this stupid “i “ issue @115858?,@370019 Here’s what you can do to work around the issue until it’s fixed in a future software update: https://t.co/xXaXeeSRt9,When are you fixing this stupid “i “ issue ?
193659,@AppleSupport The leatest update ios11.0.2 I already updated my phone(iphone6s) https://t.co/0aJYjNkjaA,"@161535 Thanks for the info. We want to make sure we're on the same page. To clarify, did you already try to restart your iPhone?",The leatest update ios11.0.2 I already updated my phone(iphone6s)
1779270,@AppleSupport Since Watch OS 4 no heart rate data in Workout app - Data Unavailable. Yet Health app displays my heart rate data. What gives?,@534590 Let's take a look at this together. Which Apple Watch do you have? Let us know via DM then we can help resolve this. https://t.co/GDrqU22YpT,Since Watch OS 4 no heart rate data in Workout app - Data Unavailable. Yet Health app displays my heart rate data. What gives?
2509370,"@115858 ever since your new update, data is being used on things that aren’t active on my phone and videos don’t play properly. Fix this please #upgrade=downgrade",@715344 We'd be happy to look into this with you. Can you provide us details of what exactly you mean when you say data is being used with things that aren't active? DM us here: https://t.co/GDrqU22YpT,"ever since your new update, data is being used on things that aren’t active on my phone and videos don’t play properly. Fix this please #upgrade=downgrade"
9275,@AppleSupport I updated to iOS 11.1 and the phone get really warm and the battery dropped by 10% in 10 minuets when I watched videos in YouTube. iPhone 7+,@123366 That should not be happening. Let us help. Tell us more about this in DM. https://t.co/GDrqU22YpT,I updated to iOS 11.1 and the phone get really warm and the battery dropped by 10% in 10 minuets when I watched videos in YouTube. iPhone 7+
1745978,"@AppleSupport Can I choose Animoji as a keyboard for use in other apps? Can I record Animoji directly into Clips by @115858? If not, 👍💡","@470347 While this isn't available in other apps, you can provide your feedback about that here: https://t.co/eTPVYVFyd8","Can I choose Animoji as a keyboard for use in other apps? Can I record Animoji directly into Clips by ? If not, 👍💡"
2690758,@AppleSupport iPhone 7 11.1.2 everything is up to date.,"@756440 For Wi-Fi, let's try following this article: https://t.co/z8zgqB5S2Y Also, on the volume button issues, is this on iMessage, or another app?",iPhone 7 11.1.2 everything is up to date.
2526332,Hey @AppleSupport why isn’t my phone letting me make or receive calls?,"@719339 Hi there. Have you already tried restarting the device? Please DM details, we'll meet you there to help. https://t.co/GDrqU22YpT",Hey why isn’t my phone letting me make or receive calls?
1478397,Fix these damn question mark boxes! EYE would like to be able to type the letter EYE again @AppleSupport,@463307 We'd like to help. Which iOS version is your device running? Let us know in DM. https://t.co/GDrqU22YpT,Fix these damn question mark boxes! EYE would like to be able to type the letter EYE again
1880959,@AppleSupport with iOS 11.0.3 on iPhone 6s the Battery life still sucks. Fix it now!,@561370 You're in good hands. Let's look into this issue with your battery together. Join us in DM with more information. https://t.co/GDrqU22YpT,with iOS 11.0.3 on iPhone 6s the Battery life still sucks. Fix it now!
243332,@115858 I find it annoying that iMessage dialogue is not synced between iPhone and IWatch. Forums seem to note the same displeasure.,@173788 We'd like to help. DM us what software version you are running on the Apple Watch and the iPhone. https://t.co/GDrqU22YpT,I find it annoying that iMessage dialogue is not synced between iPhone and IWatch. Forums seem to note the same displeasure.
2947115,@AppleSupport It was decreasing while plugged into the wall. Started charging when I did the most recent update.,@565226 We're glad to hear that it's charging after installing the update. Please let us know if the issue presents itself again.,It was decreasing while plugged into the wall. Started charging when I did the most recent update.
1791827,"@AppleSupport 2/3 slow, unresponsive at times, problematic (battery and touch lag). I used to love using it, now i can't stand it.","@538197 We want you to love your iPhone again. Tell us which version of iOS 11 it’s on, and we’ll do all we can to help out.","2/3 slow, unresponsive at times, problematic (battery and touch lag). I used to love using it, now i can't stand it."
1144238,"@AppleSupport my iphone 6s is super laggy and the alarms don't work anymore, i'm kinda mad",@389319 We want you to be able to rely on your alarms. Let's see what we can do to help. Do the alarms vibrate or make any sounds?,"my iphone 6s is super laggy and the alarms don't work anymore, i'm kinda mad"
2943344,"Man, Super lame. After reformat, I can't seem to find my redeemed guardians of the galaxy 2 from the DVD/BLURay/Digital disk I got a while back @AppleSupport any ideas?","@296803 We're happy to help. In DM, please let us know if this was redeemed through iTunes or downloaded from somewhere else. https://t.co/GDrqU22YpT","Man, Super lame. After reformat, I can't seem to find my redeemed guardians of the galaxy 2 from the DVD/BLURay/Digital disk I got a while back any ideas?"
2894801,How does one combat the flaws of the IPhone update? Particularly the word “I️” @AppleSupport,"@802240 An update has been released to assist with this issue. If you haven’t yet, please back up your device and update it to the latest version iOS 11.1.1. For more info, check out: https://t.co/xXaXeeSRt9 DM us if you still need help. https://t.co/GDrqU22YpT",How does one combat the flaws of the IPhone update? Particularly the word “I️”
1414833,@AppleSupport my phones constantly freezes when using it and loading apps. My battery drains quick... ... https://t.co/JP1zVfIZ8H,@448799 Thank you. We understand your concerns. Does this happen with specific apps?,my phones constantly freezes when using it and loading apps. My battery drains quick... ...
1101979,@115858 Automatic downloads while connected to Wi-Fi appear to have stopped. And the tiles are much harder to navigate and take more taps.,"@234309 We want to help you with automatic downloads. To get started, meet us in DM. https://t.co/GDrqU22YpT",Automatic downloads while connected to Wi-Fi appear to have stopped. And the tiles are much harder to navigate and take more taps.
2674201,"Porque sinceramente, taaaantos problemas que deu esse celular, e agora trava ou morre umas 10 vezes por dia, que só por Deus #Iphone @115858","@752827 Since our Twitter support is available in English, get help at https://t.co/IBIY3vMgPj or join https://t.co/pvaOFfPbjt","Porque sinceramente, taaaantos problemas que deu esse celular, e agora trava ou morre umas 10 vezes por dia, que só por Deus #Iphone"
1538796,@AppleSupport Yes I did. What ever the version was prior to it.,@476997 Let's move into DM at the link below. We'll gather more details and best next steps to assist. Send us your country of location. https://t.co/GDrqU2kzhr,Yes I did. What ever the version was prior to it.
2750499,"Everytime @115858 come out with a new phone, my phone start acting up 🤔 or am I just trippin",@770050 Failure in performance is not something we expect to happen. We'd love to help find out what's going on with your device. Can you let us know the device model and iOS version installed?,"Everytime come out with a new phone, my phone start acting up 🤔 or am I just trippin"
2889516,"@AppleSupport I did a settings reset on my phone which did not work.Also,closing the app from the app switching screen does not resolve the issue. I have been trying to isolate the cause which might be doing this but so far have failed to figure anything out.It seems to pop up randomly so far.","@801143 Okay, got it! Do you happen to notice if this occurs after using a particular app? Let us know via DM so we can take a deeper look. https://t.co/GDrqU22YpT","I did a settings reset on my phone which did not work.Also,closing the app from the app switching screen does not resolve the issue. I have been trying to isolate the cause which might be doing this but so far have failed to figure anything out.It seems to pop up randomly so far."
1484037,@115858 need help 😂 shit outta control,@464618 We're here to help. DM us and explain what issue you're having. We can work on it together. https://t.co/GDrqU22YpT,need help 😂 shit outta control
974467,@AppleSupport Why I can’t switch of Wifi&amp;BT in the Control Center? It’s only disconnecting it = Wasting energy + continues tracking customer ☹️ it’s bad,"@371976 For more info on the changes to Wi-Fi and Bluetooth within Control Center, check out: https://t.co/G7BHuQnDS6",Why I can’t switch of Wifi&amp;BT in the Control Center? It’s only disconnecting it = Wasting energy + continues tracking customer ☹️ it’s bad
1781582,@AppleSupport I bought a new phone but one album I bought didn’t transfer over and I don’t know how to get it back,@535273 Congratulations on your new phone. DM us and let us know if you're an Apple Music subscriber. We can go from there. https://t.co/GDrqU22YpT,I bought a new phone but one album I bought didn’t transfer over and I don’t know how to get it back
1974962,"@AppleSupport even after the update, spotlight still not working properly!",@431527 Thank you for reaching back out to us about this. Did the article we sent a few weeks ago help at all? Let us know in DM. https://t.co/GDrqU22YpT,"even after the update, spotlight still not working properly!"
552140,Updated to 11.2 but no sign of Apple Pay Cash? In the UK here using iPhone X. @AppleSupport why? https://t.co/Pj4Pbf9SkB,"@248714 Thanks for reaching out to us. Apple Pay Cash is only available to those who were using it in iOS 11.2 Beta before it went public. We do not have a public release date yet, but keep an eye on our Apple Newsroom here: https://t.co/lSTj2OddQ3",Updated to 11.2 but no sign of Apple Pay Cash? In the UK here using iPhone X. why?
2185518,This I️ S ridiculous. @AppleSupport make it stop.,"@640059 Thanks for reaching out! We've released a software update that addresses this issue. Learn more, here: https://t.co/xXaXeeSRt9",This I️ S ridiculous. make it stop.
1698411,@AppleSupport U.S.,"@282337 Yes, AppleCare is taxable in the U.S. based on local tax rates.",U.S.
2800582,"@AppleSupport Thanks, I am aware of the tips—iPhone owner since 2010. I think you are missing the point;this was not previously an issue until iOS 11.1.2","@781296 Understood. Send us a DM with your country/location, and we'll go from there: https://t.co/GDrqU2kzhr","Thanks, I am aware of the tips—iPhone owner since 2010. I think you are missing the point;this was not previously an issue until iOS 11.1.2"
1040286,"@AppleSupport Nothing different even on standby the battery is draining faster than before. Location, Bluetooth off and no gaming as well. Just wifi or 4g","@366116 Look in the App Store, if there are any updates available, go ahead and install them. Then join us in DM to continue. https://t.co/GDrqU22YpT","Nothing different even on standby the battery is draining faster than before. Location, Bluetooth off and no gaming as well. Just wifi or 4g"
1923135,Damn you @115858 ... HELP!! I love my watch. But... @AppleSupport @115858 @37362 ‘s gift to me.... https://t.co/K9Uz89pSqA,@572463 We'd be happy to look into the options for you. Please send us a DM with the current country you are in. https://t.co/GDrqU22YpT,Damn you ... HELP!! I love my watch. But... ‘s gift to me....
1693334,@AppleSupport everytime i try to remove a password from a note the app crashes and the lock is still there,@450288 Let's take a further look into this. Which device are you using the app on?,everytime i try to remove a password from a note the app crashes and the lock is still there
2333334,Yo @115858 get a move on and fix your newest update’s stupid bugs before I throw my phone at a puppy.,@617679 Let's check it together to get you back on track with your device. What issues are you experiencing?,Yo get a move on and fix your newest update’s stupid bugs before I throw my phone at a puppy.
241461,Hey uh @115858..why is it that my phone is plugged into my charger but my battery percentage is actually going down???,@173327 We'd be happy to work with you to get to the bottom of this. Are you using the Apple charger that came with the iPhone? DM us: https://t.co/GDrqU22YpT,Hey uh ..why is it that my phone is plugged into my charger but my battery percentage is actually going down???
1593870,@115858 WHAT IS UP WITH THIS LETTER EYE NOT WORKING?!?!,@489833 We’d love to help. Check out this article which goes into more detail about what you're seeing: https://t.co/sDSg93LaFu,WHAT IS UP WITH THIS LETTER EYE NOT WORKING?!?!
238766,@115858 #ios1102 is super slow and has ruined my #iPhone 7. Kindly help me uninstall it asap. Honest request #apple,"@213938 If you're having some issues with your iPhone, we'd be more than happy to look into it. Shoot us a DM when you get a chance. https://t.co/GDrqU22YpT",#ios1102 is super slow and has ruined my #iPhone 7. Kindly help me uninstall it asap. Honest request #apple
2914637,"Ugh, @115858, why do so many words auto capitalize since the new iOS? None of the updates have resolved this and it’s REALLY annoying! @AppleSupport","@444804 We'd love to see how we can assist. To begin, please DM us the device you're using, along with the installed iOS version found in Settings &gt; General &gt; About. Also, please provide us details regarding the apps you experience this issue in. https://t.co/GDrqU22YpT","Ugh, , why do so many words auto capitalize since the new iOS? None of the updates have resolved this and it’s REALLY annoying!"
2678271,@AppleSupport I’m using a 6s plus. With 11.2 beta 3,"@744583 Thanks for the info. If you’re having any issues using the public beta, we welcome your feedback here: https://t.co/OTNGzDuUXI If you’re using a Developer account you can find answers to many questions here: https://t.co/ONDW4zyY1Y",I’m using a 6s plus. With 11.2 beta 3
306214,@AppleSupport Thanks. It’s an iPhone 7 with version 11.0.1,@189106 Please update to iOS 11.0.2 and send us a DM if your performance is still slow: https://t.co/80YRnjDFDk https://t.co/GDrqU22YpT,Thanks. It’s an iPhone 7 with version 11.0.1
879323,"To heck with this new Apple update, my battery dies so fast now and my 6+ is only a year old!! @115858 @AppleSupport",@328753 Let's look into that. Send us a DM and we'll go from there. https://t.co/GDrqU22YpT,"To heck with this new Apple update, my battery dies so fast now and my 6+ is only a year old!!"
1532220,@AppleSupport my ios 11.1 won't install and I have no access to a computer. How do I fix it?,@475267 We're here for you. Check out this article for help: https://t.co/4dqFR4gH4g,my ios 11.1 won't install and I have no access to a computer. How do I fix it?
1453864,@AppleSupport why won’t my iPad Air update to iOS 11?,@457402 Let's look into this together. What issue do you experience when attempting to update?,why won’t my iPad Air update to iOS 11?
1203526,@AppleSupport Check the mail screeshots,@402737 Got it. We’d be happy to keep working together on this particular situation via a Direct Message. Use the following link: https://t.co/GDrqU22YpT,Check the mail screeshots
2134897,These question marks are really getting annoying @115858 fix it,@628098 Here’s what you can do to work around the issue until it’s fixed in a future software update: https://t.co/xXaXeeSRt9,These question marks are really getting annoying fix it
2061356,@AppleSupport but i can unlock the phone by pressing the button,@609645 We are here to help. Please DM us and we will continue to work from there. https://t.co/GDrqU22YpT,but i can unlock the phone by pressing the button
1615966,@AppleSupport my phone lets me type the letter I️ but when I️ post on social media it will show as symbols. PLEASE help! See pics below https://t.co/13UNe83f1Q,@495573 Let us know if this article helps: https://t.co/ElOvw6IVbQ,my phone lets me type the letter I️ but when I️ post on social media it will show as symbols. PLEASE help! See pics below
1588872,Hey @115858 why is it that every time I️ type the letter I️ it shows up all jank? FIX THIS.,@488604 Hey there! Give these steps a try: https://t.co/gKAEL4wRnw,Hey why is it that every time I️ type the letter I️ it shows up all jank? FIX THIS.
1648333,"@AppleSupport Hi, some photos have disappeared from my iCloud. Any ideas why? Or if I can get them back? Thanks!",@259107 We'd be happy to look into this with you. Send us a DM with more details. We'll help you there. https://t.co/GDrqU22YpT,"Hi, some photos have disappeared from my iCloud. Any ideas why? Or if I can get them back? Thanks!"
1716576,Every time you type “I️” it changes to some question mark in a box someone explain @AppleSupport @115858,@519812 Here’s what you can do to work around the issue until it’s fixed in a future software update: https://t.co/xXaXeeSRt9,Every time you type “I️” it changes to some question mark in a box someone explain
1804432,@123765 Help!!! @115858 since upgrading to iOS 11 my FindUnfollow app can’t access my account. Twitter doesn’t appear in privacy settings- ??? Help,@542161 Let’s team up to get this addressed. Which version of iOS 11 are you using? Let us know via DM. We’ll go from there. https://t.co/GDrqU22YpT,Help!!! since upgrading to iOS 11 my FindUnfollow app can’t access my account. Twitter doesn’t appear in privacy settings- ??? Help
1641346,"@AppleSupport having problems downloading apps from App Store, what should I do? Username and password is all set it just won’t load 🤔",@501782 We'd be happy to look into this with you. Please DM us so we can gather further details. https://t.co/GDrqU22YpT,"having problems downloading apps from App Store, what should I do? Username and password is all set it just won’t load 🤔"
1738745,@AppleSupport wtf is this shit https://t.co/ejLHMURqBA,@202378 Here’s what you can do to work around the issue until it’s fixed in a future software update: https://t.co/xXaXeeSRt9,wtf is this shit
1633120,@129007 @AppleSupport trying to add my card to my new iPhone X and getting this error? Help! https://t.co/PX8fVqfQ1w,@499691 Let us point you in the right direction. Contact our Apple Pay Team here: https://t.co/IBIY3vMgPj,trying to add my card to my new iPhone X and getting this error? Help!
2280557,@applesupport have You seen this before ? #MacBookPro https://t.co/s1V1pclDtv,"@662950 We want your Mac working for you; we'll do all we can to help. To start, do you recall when this vertical line first appeared? Does this line appear every time you start up your Mac, and does it ever go away?",have You seen this before ? #MacBookPro
168835,@AppleSupport i think i was unable to reset it because i had to restore something but couldn't? the problem went away for a bit but now has come back and also occurs with facebook now..,@155291 Can you clarify what you mean by having to restore something? Feel free to DM us. https://t.co/GDrqU22YpT,i think i was unable to reset it because i had to restore something but couldn't? the problem went away for a bit but now has come back and also occurs with facebook now..
2520660,@AppleSupport My wife’s Apple Watch constantly misses 6am to noon stand goal every day. It’s like she’s not even wearing the watch. The hours are black like she’s not wearing it at all. Series 1 with updates and iPhone 8+ other days it says all stand but hours is off. https://t.co/j2PPBttzMg,"@717960 We can work on it together. What version shows for Apple Watch in Settings &gt; General &gt; About? Have both devices been restarted? Meet us in DM, please. https://t.co/GDrqU22YpT",My wife’s Apple Watch constantly misses 6am to noon stand goal every day. It’s like she’s not even wearing the watch. The hours are black like she’s not wearing it at all. Series 1 with updates and iPhone 8+ other days it says all stand but hours is off.
1915432,@AppleSupport I can't able to install 11.0.3. Any idea? Tried many times https://t.co/IsoQXGs3we,@570537 The steps in this article can help with this https://t.co/Ui1yTnOCUz Please DM us if you continue to have trouble. https://t.co/GDrqU22YpT,I can't able to install 11.0.3. Any idea? Tried many times
857954,@115858 y’all better stop playing with me! My phone tripping and I’m not buying the 8 or the X.. So get it together!,@323738 We want to help. What issues are you experiencing with your iPhone?,y’all better stop playing with me! My phone tripping and I’m not buying the 8 or the X.. So get it together!
891628,@AppleSupport I have a question about the Apple Store gift cards,@331724 We'll answer it as best we can.,I have a question about the Apple Store gift cards
2276302,@AppleSupport why can’t I claim my artist profile?,@662060 What happens when you try? Have you been through this link? https://t.co/myULYUfP1j,why can’t I claim my artist profile?
1265251,@AppleSupport JK I fixed it myself pls hire me,@416273 We’re glad to hear you got it resolved! Let us know if we can assist with anything in the future. Have a great day!,JK I fixed it myself pls hire me
2207654,"@115858 should have included in their last big announcement that the amazing new feature is the letter i being replaced with a symbol on iPhones...every text, email and post. Way to go. #sodisappointing #buggyapple","@645441 iOS 11.1.1 was recently released and it includes a fix for autocorrect issues. Be sure to back up your device prior to updating, and let us know if the issue persists afterwards. How to back up: https://t.co/4f8hwT5to6","should have included in their last big announcement that the amazing new feature is the letter i being replaced with a symbol on iPhones...every text, email and post. Way to go. #sodisappointing #buggyapple"
307440,@AppleSupport IOS 11 is a slow runner on Iphone 6. e.g. when start writing a whatsapp message I need wait some secs until the words appear after tap em,@307925 Let's look into that. Send us a DM and we'll go from there. https://t.co/GDrqU22YpT,IOS 11 is a slow runner on Iphone 6. e.g. when start writing a whatsapp message I need wait some secs until the words appear after tap em
2596418,now my phone is freezing AGAIN i really hate you @115858,@735154 We know that you depend on your phone and we want to get it working the way you expect! DM us the model and iOS version and we'll work on getting things back to the way you expect it to be. https://t.co/GDrqU22YpT,now my phone is freezing AGAIN i really hate you
2185508,@115858 @AppleSupport FIX THIS FUCKING UPDATE &amp; MY PHONE BEFORE I️ SWITCH TO ANDROID. I️ AIN’T SIGN UP FOR THIS,@640056 We've released a software update that addresses this concern. Find out more here: https://t.co/xXaXeeSRt9,FIX THIS FUCKING UPDATE &amp; MY PHONE BEFORE I️ SWITCH TO ANDROID. I️ AIN’T SIGN UP FOR THIS
1691721,Anyone else having their music pause whenever they get a notification after the new update and know how to fix it?😬 @115858,@513511 Hi. We'd like to help. Are you listening to downloaded music or streaming?,Anyone else having their music pause whenever they get a notification after the new update and know how to fix it?😬
2555396,"Meu #Iphone7PlusRed tava zerado em #Bateria mas quando fui colocar para carregar, já veio em 31% de carga e olha que tava desligado sem #Carga @AppleSupport @115858 #Brazil 🇧🇷 #Brasil #Apple 🍎 #IOS 11.1.1 🤬 https://t.co/QUKKe2Xvfw","@248333 Since our Twitter support is available in English, get help at https://t.co/IBIY3vMgPj or join https://t.co/pvaOFfPbjt","Meu #Iphone7PlusRed tava zerado em #Bateria mas quando fui colocar para carregar, já veio em 31% de carga e olha que tava desligado sem #Carga #Brazil 🇧🇷 #Brasil #Apple 🍎 #IOS 11.1.1 🤬"
2746192,Hey @115858! Would be great in next iOS update to get an icon (e. g. as for Bluetooth) to know that we have the phone running in silent mode! Thanks!,@769033 We appreciate feedback. Please submit that here: https://t.co/eTPVYVFyd8,Hey ! Would be great in next iOS update to get an icon (e. g. as for Bluetooth) to know that we have the phone running in silent mode! Thanks!
1391586,im a strong believer that @applesupport sends out bugs as soon as they release new products. so glad i cant use my phone at all rn!! tysm!!,@443654 Thanks for reaching out. We've received your DM and will continue there.,im a strong believer that sends out bugs as soon as they release new products. so glad i cant use my phone at all rn!! tysm!!
2492323,@AppleSupport this update broke my phone!,@531031 We can help! Send us a DM with your iOS version to get started. https://t.co/GDrqU22YpT,this update broke my phone!
2207024,"Señores de @115858 la actualización 11.0.3 va como una SANTA MIERDA. Lenta, bugs y a veces se le va la olla al móvil y no se oye. OTRA ACT YA",@645265 We offer support via Twitter in English. Get help in Spanish here: https://t.co/IBIY3vMgPj or join https://t.co/OczyRx7IOs,"Señores de la actualización 11.0.3 va como una SANTA MIERDA. Lenta, bugs y a veces se le va la olla al móvil y no se oye. OTRA ACT YA"
1773408,@AppleSupport @532993 The battery backup is so poor while using iOS 11. I would love to degrade it to iOS 10. #help,"@532994 We're happy to help with your battery. Let's get started with finding out more about your situation. Please let us know which version of iOS 11 is installed on your iPhone. Also, does your iPhone show the message identified in this article? https://t.co/KyywFa9iZ3",The battery backup is so poor while using iOS 11. I would love to degrade it to iOS 10. #help
1948202,"@AppleSupport is my iPhone 6S too old (less than 2 years bought from Apple Store), or is it not built for iOS 11. Battery doesn’t last now",@578848 Thanks for reaching out and we'd like to look int this with you. Send us a DM with more information about what's going on: https://t.co/GDrqU22YpT,"is my iPhone 6S too old (less than 2 years bought from Apple Store), or is it not built for iOS 11. Battery doesn’t last now"
819866,@AppleSupport iOS 11.0.2 drains my battery so fast now...help!,"@315302 We'd love to help you with your battery life! Send us a DM, and we'll look into this together. https://t.co/GDrqU22YpT",iOS 11.0.2 drains my battery so fast now...help!
1219228,@AppleSupport lost 4 months of photos after uodating to ios11. Ridiculous. Done with Apple products. #ios11 #appleproblems #lostphotos,@406058 We want to look into this. DM us and we'll meet you there. https://t.co/GDrqU22YpT,lost 4 months of photos after uodating to ios11. Ridiculous. Done with Apple products. #ios11 #appleproblems #lostphotos
94826,"@AppleSupport It freezes often, probably 5 or 6 times a day",@136603 Thanks for following up. Send us a DM so we can look into this with you there. https://t.co/GDrqU22YpT,"It freezes often, probably 5 or 6 times a day"
2012382,#WTF is this?! It’s only been 1.5 days with the #iPhoneX! #problems @115858 https://t.co/svfwruW60w,@595060 We'd like to look into this with you. Send us a DM including the iOS version installed. We'll continue there. https://t.co/GDrqU22YpT,#WTF is this?! It’s only been 1.5 days with the #iPhoneX! #problems
1857386,@applesupport iOS11 seems like it was rushed. Numerous issues all the time. Can I downgrade back to bug free iOS10?,@555449 We'd like to learn more about the issues you're experiencing in iOS 11. Would you mind sending us a DM? https://t.co/GDrqU22YpT,iOS11 seems like it was rushed. Numerous issues all the time. Can I downgrade back to bug free iOS10?
953210,@115858 I've been forced into a group chat that sends me nothing but weird and inappropriate messages and one user has SMS. HELP ME LEAVE!!!!,@346169 We are here to help. Let's take a look at this article. It will show you how to block contacts. https://t.co/rYxZGDk3Lz,I've been forced into a group chat that sends me nothing but weird and inappropriate messages and one user has SMS. HELP ME LEAVE!!!!
741060,"@AppleSupport I lost my Ipad Air on Monday evening and the person who has it knew my password and has changed my apple ID, kindly help.","@297232 For this situation, please reach out to our Account Security team here: https://t.co/UJm15vmMM2","I lost my Ipad Air on Monday evening and the person who has it knew my password and has changed my apple ID, kindly help."
796583,"@115858 when texting, why does autocorrect change ‘is’ to ‘I.S’? #annoying #notjustme #change #please",@309948 We can definitely look into this with you. Which device are you using? Which macOS or iOS are you running?,"when texting, why does autocorrect change ‘is’ to ‘I.S’? #annoying #notjustme #change #please"
1762112,"@AppleSupport I already have that for the lower case i, but it doesn’t work for “it”","@530204 Thanks for letting us know. Send us a DM, and we'll continue with you there. https://t.co/GDrqU22YpT","I already have that for the lower case i, but it doesn’t work for “it”"
1989375,@115858 your IOS 11 sucks!! My iPhone 7 crashes every time!,@588744 We're here to help. Have you already updated to iOS 11.1? Does it crash while using a specific app? Let us know in DM. https://t.co/GDrqU22YpT,your IOS 11 sucks!! My iPhone 7 crashes every time!
1909627,Dear #ios11 you’ve fucked up my battery 🙂💔 it goes for 100 to 0 real quick 🙂and it takes for ever to charge @AppleSupport fix your shit plz😒,@568876 We want you to be able to rely on your battery and would like to look into this with you. DM us about your battery issue. https://t.co/GDrqU2kzhr,Dear #ios11 you’ve fucked up my battery 🙂💔 it goes for 100 to 0 real quick 🙂and it takes for ever to charge fix your shit plz😒
1231312,@AppleSupport 11.0.3,"@143058 Thanks. First, we'd recommend trying the tips here: https://t.co/BGb00taxed If that doesn't help, let us know.",11.0.3
1359167,"@AppleSupport Phone constantly freezes and will shut off, when I have adequate battery left. Did not have ANY problems before your last update",@436878 OK. Meet us in DM and tell us which version of iOS you're running on your iPhone. https://t.co/GDrqU22YpT,"Phone constantly freezes and will shut off, when I have adequate battery left. Did not have ANY problems before your last update"
1512191,@AppleSupport I accidentally deleted an iCloud alias from my account… Can I add it again in 7 days?,@128119 Refer to this article on deleting and adding an iCloud alias: https://t.co/PVfymGCJsC,I accidentally deleted an iCloud alias from my account… Can I add it again in 7 days?
2578701,@115858 @116333 Your new text tone “note” is impossible to hear. Men typically don’t have the range to hear that high of a pitch very well. Also classic “Chime” doesn’t work at anymore. What gives?,@278089 We'd like to see how we can help. Send us a DM and we'll continue there. https://t.co/GDrqU22YpT,Your new text tone “note” is impossible to hear. Men typically don’t have the range to hear that high of a pitch very well. Also classic “Chime” doesn’t work at anymore. What gives?
596847,@115858 @AppleSupport @115948 I updated my phone and now Apple Music doesn’t work 😡,@261482 Let's get that music back so you can continue to enjoy it. What happens when you go to your Music app? Do you see any songs? Is iCloud Music Library enabled: https://t.co/9VQ9VywZJ2?,I updated my phone and now Apple Music doesn’t work 😡
2520718,@115858 is so fucking trash! I updated our iPad at work thinking 'maybe I shouldn't do this' and guess what? Now the iPad is frozen and we can't use our register. Thanks for nothing @115858 !,@717978 We'd like to help! Is it frozen on any particular screen? Let us know and we'll help out. https://t.co/GDrqU22YpT,is so fucking trash! I updated our iPad at work thinking 'maybe I shouldn't do this' and guess what? Now the iPad is frozen and we can't use our register. Thanks for nothing !
2564138,@AppleSupport I have the 6 and it is running on 11.1.1,"@409503 Thank you. iOS 11.1.2 has been released so we ask that you back up and update to it: https://t.co/80YRnjDFDk If you have questions or issue continues, send us a DM by clicking on the link below. We'll continue there. https://t.co/GDrqU22YpT",I have the 6 and it is running on 11.1.1
2435737,@AppleSupport @115948 is it just me or is it possible only to stream this album? Can’t download https://t.co/zwH6AQk45y,@156915 Let's get you back to listening to your music. What happens when you try to download it? Are you able to download other albums?,is it just me or is it possible only to stream this album? Can’t download
2864884,@AppleSupport that's never happened before.,"@795729 The security of your account is very important, and we're happy to help. Follow up with us in DM. We'll take a closer look with you there. https://t.co/GDrqU22YpT",that's never happened before.
2057285,Fuck u @115858 IOS 11 has my phone all messed up,@608441 We can help with our device. Can you detail the issues you're experiencing? DM us. https://t.co/GDrqU2kzhr,Fuck u IOS 11 has my phone all messed up
100243,@AppleSupport I have tried restarting my macbook but it keeps lagging. I will try rebooting and close all apps once again.,"@137967 Either way, let us know what happens via DM. We want to make sure this is fully resolved. https://t.co/GDrqU22YpT",I have tried restarting my macbook but it keeps lagging. I will try rebooting and close all apps once again.
1976924,@AppleSupport It was just that list. I shut my phone down and restart it and it seems to be OK. It didn’t do this before the last updates though.,"@585417 If it happens again, let us know. We'll look into it further.",It was just that list. I shut my phone down and restart it and it seems to be OK. It didn’t do this before the last updates though.
1639012,"@AppleSupport Hi. I've had my iPhone for about a year and it's already unable to charge. Will you fix my problem, or make it worse?",@501171 We can happily help to get this resolved. Check out the link below for help with this issue: https://t.co/uqxquyfdn0,"Hi. I've had my iPhone for about a year and it's already unable to charge. Will you fix my problem, or make it worse?"
2040651,anyone else’s iPhone going wack after most recent update?? 🤔 @115858 is it just me?,"@603382 We want you’re iPhone to function normally. Tell us about what you’re noticing, and we’ll partner with you. https://t.co/GDrqU22YpT",anyone else’s iPhone going wack after most recent update?? 🤔 is it just me?
1086816,@AppleSupport Spotify not showing up in control center while playing.,@376359 We're happy to help. Does the native Music app display in the Control Center?,Spotify not showing up in control center while playing.
2358726,my phone has a weird shadow at the top right corner of my phone. fix it pls @AppleSupport,@681232 We'd like to look into this issue with the display a bit further. DM us what iOS version you're on. https://t.co/GDrqU22YpT,my phone has a weird shadow at the top right corner of my phone. fix it pls
2975831,@AppleSupport I lost that stupid converter and I can’t use my headphones without it.,@820708 We want to help. Send us a DM letting us know which country you are located in. https://t.co/GDrqU22YpT,I lost that stupid converter and I can’t use my headphones without it.
2503750,I updated OS last night but I’m still seeing the ? “i” glitch? @AppleSupport @115858 #SerenityNow,"@714066 Thanks for updating! We're happy to look into this with you. The update will only correct the issue with your device changing i to ""A"" with symbols. However, you may still see the A + symbol from other users that haven't updated. Is your device still changing the text?",I updated OS last night but I’m still seeing the ? “i” glitch? #SerenityNow
1267726,@AppleSupport 12.7.0.166 updated,@369070 The newest version of iTunes no longer had app management functionality. It was removed from iTunes.,12.7.0.166 updated
589508,@200998 - Has anybody address the issue with iPhone X App Switch function (hold and slide up) and Google Map bottom tab when in direction mode? Both are fighting for the same space. #iPhoneX @115858,@259379 We'll do everything we can to help! Is this behavior only occurring in one specific app? What iOS version is your device currently running?,- Has anybody address the issue with iPhone X App Switch function (hold and slide up) and Google Map bottom tab when in direction mode? Both are fighting for the same space. #iPhoneX
2965370,"@AppleSupport my new iphone 8 isn't working properly, I can't use facetime, imessages or regular SMS. How can I fix this? Thanks!","@818120 Thank you for reaching out. We received your DM, and will continue to work with you there. https://t.co/GDrqU22YpT","my new iphone 8 isn't working properly, I can't use facetime, imessages or regular SMS. How can I fix this? Thanks!"
2025621,"So @115858, when are we gonna fix this glitch? #notfun https://t.co/sOtXNvSD0B","@599024 Hey, Christina! Let's look into this with you. DM which device and OS version you have to continue. DM us here: https://t.co/GDrqU22YpT","So , when are we gonna fix this glitch? #notfun"
2705806,@AppleSupport was there a bug in iOS 11? Because ever since the update my phone has been freezing and losing some touch screen capabilities.,@759915 We'd be happy to help. Send a DM and we can start from there. https://t.co/GDrqU22YpT,was there a bug in iOS 11? Because ever since the update my phone has been freezing and losing some touch screen capabilities.
1548750,My iPhone SE lags and overheats with iOS 11.1 😢🤬😠 @115858 @AppleSupport @116333,@479427 That's certainly not what we'd expect. We'll be happy to assist as best we can. Are you seeing this specifically with any apps?,My iPhone SE lags and overheats with iOS 11.1 😢🤬😠
1327405,@115858 Plus my screen is blurry all the time. I’m really disappointed with the quality. Please contact me with a solution.,@429703 We are here for you. Let's take a look at this further for you. Reach out to us in DM. https://t.co/GDrqU22YpT,Plus my screen is blurry all the time. I’m really disappointed with the quality. Please contact me with a solution.
2372270,@applesupport Is iCloud down? Can't setup my new phone and can't check my email on the website.,@496428 We're happy to research this with you. Let's work on this in DM. Send us the following: 1) Does this occur on Wi-Fi and cellular? 2) Your country 3) Device model and OS versions https://t.co/GDrqU22YpT,Is iCloud down? Can't setup my new phone and can't check my email on the website.
1756303,@115858 please say there’s a new update soon. 11.1 basically destroyed my 7+. 😭,@203892 We want to help. What issues are you experiencing with your iPhone?,please say there’s a new update soon. 11.1 basically destroyed my 7+. 😭
1011515,@AppleSupport @359327 I'm trying to download 11.0.3 but it keep saying an error has occurred,"@359326 We're here to help. How are you trying to update your device, through Wi-Fi or iTunes?",I'm trying to download 11.0.3 but it keep saying an error has occurred
1538861,"@AppleSupport I’m having predictive text issues, along with the rest of the world. Can you help?",@477017 We'd like to try. Please meet us in DM and provide a few more details. https://t.co/GDrqU22YpT,"I’m having predictive text issues, along with the rest of the world. Can you help?"
174942,Dear @AppleSupport - #iphone8 doesn’t find my contact’s Mobile in Text Message app. Only email. Mobile # there...??,@157042 We'd be happy to take a look into this with you. Could you please send us a DM with what iOS version you're running so that we can get started? https://t.co/GDrqU22YpT,Dear - #iphone8 doesn’t find my contact’s Mobile in Text Message app. Only email. Mobile # there...??
1896722,"Dear @115858, there’s still something wrong about #iOS 11.x. Windows overlap, auto Bluetooth, delayed App response... #disappointed https://t.co/6a6uEN6ppm","@565314 Hi there. We'd love to help out. Please DM details, and your version of iOS listed under Settings &gt; general &gt; About &gt; Version. https://t.co/GDrqU22YpT","Dear , there’s still something wrong about #iOS 11.x. Windows overlap, auto Bluetooth, delayed App response... #disappointed"
188623,@AppleSupport 11.0.2,@160272 Does restarting your iPhone help at all?,11.0.2
1134263,@AppleSupport my iphone 6 started glitching + top half would flicker from the normal screen toa plain grey. Then the touch part of the phone woulndt work,@387257 Thanks for those details! What version of iOS are you running? Let us know in DM and we can continue to troubleshoot there. https://t.co/GDrqU22YpT,my iphone 6 started glitching + top half would flicker from the normal screen toa plain grey. Then the touch part of the phone woulndt work
503660,"@AppleSupport also, I wasn't able to restore anything from my old device to my new one!!! How great!!",@235371 We'd like to help get any data we can transferred to your new iPhone. Please shoot us a DM and we can work together some more there. https://t.co/GDrqU22YpT,"also, I wasn't able to restore anything from my old device to my new one!!! How great!!"
2493926,@115858 i want my money back #badphone #badservice,"@711899 We’d be happy to help. To start, send us a DM with more details on how we may assist. https://t.co/GDrqU22YpT",i want my money back #badphone #badservice
553664,"@AppleSupport last night i did, but this didn’t start happening until this morning.",@249147 If you restart the device does the issue remain?,"last night i did, but this didn’t start happening until this morning."
1582077,@AppleSupport of the issue.,@232196 It's certainly possible for an accessory to cause issues. Taking it with you to your Genius Bar Appointment sounds good.,of the issue.
2110846,"@115858, I will never be convinced that swiping down from the top right is the ideal way to access Control Center. It is profoundly uncomfortable that such an essential part of iOS essentially requires both hands. Please rethink this, for the sake of iPhone's future accessibility.",@582048 Thanks for reaching out! We'd recommend leaving that request on our feedback page: https://t.co/eTPVYVFyd8,", I will never be convinced that swiping down from the top right is the ideal way to access Control Center. It is profoundly uncomfortable that such an essential part of iOS essentially requires both hands. Please rethink this, for the sake of iPhone's future accessibility."
2691796,With #ios11 my weather app doesn’t work. It won’t let me delete a city 😩🙄😑 @AppleSupport,"@315992 We're happy to help you with this. To delete cities from the Weather app, tap the three lines in the lower right corner, swipe the city to the left, then tap Delete. Let us know the result.",With #ios11 my weather app doesn’t work. It won’t let me delete a city 😩🙄😑
1022582,"@AppleSupport It will disconnect on occasion, but usually it stays connected okay. The performance though is missing. Takes forever to load if at all.","@361972 To clarify, this is happening just with a specific Wi-Fi network, is that right? Does the issue happen with any other connections?","It will disconnect on occasion, but usually it stays connected okay. The performance though is missing. Takes forever to load if at all."
567634,"@AppleSupport yes. all updates installed. did all known fixes/solutions but, no joy. did clean install also. The attached snippets were taken after clean install. no third party app has been installed yet.","@253140 OK next we'll want to test another user account to see if the problem is user specific. You can use the steps here to create an account: https://t.co/xQbm9focdR Just use the ""Standard"" account type. Switch to that account and see if the Energy Saver doesn't work there.","yes. all updates installed. did all known fixes/solutions but, no joy. did clean install also. The attached snippets were taken after clean install. no third party app has been installed yet."
759072,@AppleSupport Justin in ur Lakeside store is rude. I gave my @118845 on Friday as damaged &amp; now they have got lost in post &amp; won’t help,@301378 Send us a DM with more details please. https://t.co/GDrqU22YpT,Justin in ur Lakeside store is rude. I gave my on Friday as damaged &amp; now they have got lost in post &amp; won’t help
883993,@AppleSupport This was never an issue before the most recent update. Thanks for the ‘tips’.,"@329921 We want to make sure you're taken care of. If you'd like further assistance, feel free to DM us here: https://t.co/GDrqU22YpT",This was never an issue before the most recent update. Thanks for the ‘tips’.
374222,"@AppleSupport I need to complete a course on my Mac but everything I do, I am seeing this both in Safari and Chrome. PLEASE HELP ME!!!!!!!!! https://t.co/DDmNiKqWmb",@204725 We're happy to help. Can you tell us which model Mac and version of software you're using? This can help: https://t.co/aTSJR8BjEc,"I need to complete a course on my Mac but everything I do, I am seeing this both in Safari and Chrome. PLEASE HELP ME!!!!!!!!!"
1718177,Ok this question mark shit is getting out of hand @115858,@520238 Here’s what you can do to work around the issue until it’s fixed in a future software update: https://t.co/xXaXeeSRt9,Ok this question mark shit is getting out of hand
814559,@AppleSupport Can you tell me if/when the “Start Developing iOS Apps (Swift)” will be updated? Or is there somewhere else I should ask?,"@313981 Great question, we can help you get pointed to the right direction. Click here for Developer support: https://t.co/LIrs0dB6kH",Can you tell me if/when the “Start Developing iOS Apps (Swift)” will be updated? Or is there somewhere else I should ask?
2373276,#iCloud is dead !! What’s happen @AppleSupport @115858,@684675 We’d like to see how we can help. Can you DM us some more details about the issue you're having? https://t.co/GDrqU22YpT,#iCloud is dead !! What’s happen
699051,@286743 @AppleSupport sort it out,@286742 We’d be glad to help get your calls working again. At this point can you check all the steps on this page? https://t.co/5KootZbxj1,sort it out
1769942,"@AppleSupport the location services on my phone suck so bad. Your gps will get me so lost, it wasn't always like this so wtf happened",@532111 Let's take a look. Are the directions incorrect when using the GPS? Does this happen every time you use it?,"the location services on my phone suck so bad. Your gps will get me so lost, it wasn't always like this so wtf happened"
84259,I’m hey @115858 do i have a problem here? So much for never getting hacked... https://t.co/rJl8T7y5Er,@134538 Thanks for reaching out and providing us this video. Let's look into this with you in DM here: https://t.co/GDrqU22YpT,I’m hey do i have a problem here? So much for never getting hacked...
644990,iMsg been taking a shit for about 2weeks now. @115858 please fix it https://t.co/TPh69KbBXj,@273084 Let's look into this for you. Do you have multiple devices using iMessage? Which iOS version do you currently have installed? Let us know in DM. https://t.co/GDrqU22YpT,iMsg been taking a shit for about 2weeks now. please fix it
369296,@115858 quand vous sortez des nouvelles mises à jour ça serait bien de faire en sorte que ça ne fasse pas buguer le tel surtout le clavier,@203491 We offer support via Twitter in English. Contact us for help in your preferred language here: https://t.co/IBIY3vMgPj,quand vous sortez des nouvelles mises à jour ça serait bien de faire en sorte que ça ne fasse pas buguer le tel surtout le clavier
2059646,"@10190 @AppleSupport I hav a problem wid my iphone 7+ it dont works in Brazil coz brazil says my iphone is Lock, Apple says Unlock","@609134 Send us a DM so we can work with you there, Kushal. You can do that by clicking the link below this message. https://t.co/GDrqU22YpT","I hav a problem wid my iphone 7+ it dont works in Brazil coz brazil says my iphone is Lock, Apple says Unlock"
1687704,And @115858 apparently doesn’t cover such defects under their warranty. Congratulations on losing a loyal customer of over a decade. (2/2) https://t.co/rVEchIm8L7,@216874 We want to help! DM us and let us know more about the issues you are having. https://t.co/GDrqU22YpT,And apparently doesn’t cover such defects under their warranty. Congratulations on losing a loyal customer of over a decade. (2/2)
2193300,@115858.. I’ve had enough of this crap. Fix it.,@641893 We're here for you and happy to help. What is it that you need fixed?,.. I’ve had enough of this crap. Fix it.
2061366,@AppleSupport why won’t my iPhone 8 Plus charge past 80%????,"@405841 We're here to help. Are you charging the iPhone wired, or wirelessly? Does the battery indicator change after a restart?",why won’t my iPhone 8 Plus charge past 80%????
1286575,@AppleSupport Powerbeats 3 stopped working after 3 months. Won’t turn on or charge. Seems I’m not the only one. Plz fix for Powerbeats 4.,@420914 Let’s get you pointed in the right direction. Our @159983 team will take it from here.,Powerbeats 3 stopped working after 3 months. Won’t turn on or charge. Seems I’m not the only one. Plz fix for Powerbeats 4.
1075406,@AppleSupport the WiFi on 11.0.3 is bullshit. It sucks. Fix this mess!!,"@373726 What issues are you having with your Wi-Fi? Let us know in DM, we'd like to help. https://t.co/GDrqU22YpT",the WiFi on 11.0.3 is bullshit. It sucks. Fix this mess!!
1332771,New MacBook Pro tips: Ethernet and HDMI (@115858 a&amp; @25142) dongles overheat and fail repeatedly. Wifi networking is patchy. Not so pro.,@430910 We're happy to look into these issues with you. Please DM us the macOS version installed to get started. https://t.co/GDrqU22YpT,New MacBook Pro tips: Ethernet and HDMI ( a&amp; ) dongles overheat and fail repeatedly. Wifi networking is patchy. Not so pro.
1817828,@AppleSupport Please respond? Battery is getting worse every day.,"@546034 We're happy to look into your battery concerns. DM us when this issue first appeared, the device model &amp; iOS version installed. https://t.co/GDrqU22YpT",Please respond? Battery is getting worse every day.
2149940,But like on the real doe... when’s @115858 gonna fix that i glitch?,@533146 Here’s what you can do to work around the issue until it’s fixed in a future software update: https://t.co/xXaXeeSRt9,But like on the real doe... when’s gonna fix that i glitch?
1341718,"My phones been off the charger for 40 min. In those 40, I got ready for work and drove. It is at 21% ..... @115858 'a disgusting",@432944 We can help with that. Which iPhone do you own? What's the iOS shown in Settings &gt; General &gt; About?,"My phones been off the charger for 40 min. In those 40, I got ready for work and drove. It is at 21% ..... 'a disgusting"
1924645,clearing texts in ur notif center opens them without you knowing @115858 you wanna fuckin tell me why,"@572880 Let’s figure this out together. Use the link below to DM us the device you’re using, and we’ll go from there. https://t.co/GDrqU22YpT",clearing texts in ur notif center opens them without you knowing you wanna fuckin tell me why
1864561,@115858 My 6S battery is terrible. 100% to 70% in an hour with minimal use &amp; low battery mode. 65% to 30% in 30 minutes listening to music,"@557068 We’d love to help with your battery life. To start, send us a DM letting us know which software version you're using. https://t.co/GDrqU22YpT",My 6S battery is terrible. 100% to 70% in an hour with minimal use &amp; low battery mode. 65% to 30% in 30 minutes listening to music
1458712,"@115858 @AppleSupport you r not cheap mobile company ios 11.1 made iphone 6 bad to worse, lots of suffering due to apple who will compensate",@458580 We know how important battery life is. Click here to meet us in DM. We'll continue there: https://t.co/GDrqU22YpT,"you r not cheap mobile company ios 11.1 made iphone 6 bad to worse, lots of suffering due to apple who will compensate"
2866156,@AppleSupport i’ll add it and it won’t show up on my recently added at all! i’m on an iPhone 7 Plus,@796064 Got it. Do you see the songs show up at all in your music library?,i’ll add it and it won’t show up on my recently added at all! i’m on an iPhone 7 Plus
2212763,@115858 SERIOUSLY!! I️ 👈🏻cannot take this much longer. Fix 11.1!! https://t.co/cW5SYCQrla,"@646686 An update has been released to assist with this issue. If you haven’t yet, please back up your device and update it to iOS 11.1.1. For more info, check out: https://t.co/ui8Itz8ESg Feel free to DM us if you have any questions or concerns. https://t.co/GDrqU22YpT",SERIOUSLY!! I️ 👈🏻cannot take this much longer. Fix 11.1!!
2272298,Or or or @AppleSupport fix it cause this damn phone $600+ for me not to see what people are saying https://t.co/wrR6kL5e9o,@661024 Here’s what you can do to work around the issue until it’s fixed in a future software update: https://t.co/xXaXeeSRt9,Or or or fix it cause this damn phone $600+ for me not to see what people are saying
883584,@AppleSupport Already on 11.0.3 on iPhone SE,@329818 We'd like to look into this further with you. Please go ahead and DM us using the link below. https://t.co/GDrqU22YpT,Already on 11.0.3 on iPhone SE
2054499,Maybe @AppleSupport can explain why my iphone6 with 11.0.2 freezes. Safari tabs and made my phone slow response times. How do i rollback??,"@607622 We know it's important to have your iPhone running smoothly &amp; we want to help. Please DM us, so we can gather a few details. https://t.co/GDrqU22YpT",Maybe can explain why my iphone6 with 11.0.2 freezes. Safari tabs and made my phone slow response times. How do i rollback??
2015442,YO @AppleSupport FIX THE “I” ISSUE LIKE DAMN IL SICK OF THIS SHIT,@595978 Thanks for reaching out. We have a workaround for this here: https://t.co/xXaXeeSRt9 DM us if you still need help. https://t.co/GDrqU22YpT,YO FIX THE “I” ISSUE LIKE DAMN IL SICK OF THIS SHIT
1026260,@AppleSupport Thank you! Worked perfectly!,"@362826 You're welcome. If you ever have any questions or concerns, we're at your service.",Thank you! Worked perfectly!
35265,@AppleSupport why is my iphone not charging? i don’t got time for this shit dawg,"@123685 It's important for your iPhone to charge reliably. To start, check out these steps: https://t.co/uqxquyfdn0",why is my iphone not charging? i don’t got time for this shit dawg
491494,"@AppleSupport I have my coworkers phone number in my contact list. However, when I added my companys email account and sync contacts, in the message app when I try to search for them, only their email comes up and not their phone number. If I unsync company account then it works.","@232105 Excellent information that you’ve provided us with. We’re happy to look into this further with you. To begin, send us a DM telling us the iPhone you’re using, iOS version number it’s running, and the type of account your work email is. https://t.co/GDrqU22YpT","I have my coworkers phone number in my contact list. However, when I added my companys email account and sync contacts, in the message app when I try to search for them, only their email comes up and not their phone number. If I unsync company account then it works."
228528,@115858 look this fuckkng glitch is not ok,"@170481 We'd like to see how we can help. To get started, send us a DM with what's going on, and the device you're experiencing it on. We'll continue from there. https://t.co/GDrqU22YpT",look this fuckkng glitch is not ok
2043313,@AppleSupport Wrote this series of tweets after I closed Siri: battery still showing 36%...,"@602046 This isn't the experience we'd like you to have. DM us using the link below, we'll work together from there. https://t.co/GDrqU22YpT",Wrote this series of tweets after I closed Siri: battery still showing 36%...
90239,@AppleSupport Not working on 4g and not working with another wifi,@135581 Thanks for checking that. Let's continue in a DM. Please tap here: https://t.co/GDrqU22YpT,Not working on 4g and not working with another wifi
1086814,@AppleSupport So reluctantly did the 11.0.3 update and now the battery life on my phone is horrible. When do we get a fix?? 😡,@376358 We can definitely look into this with you. Send us a DM and we'll take a look together. https://t.co/GDrqU22YpT,So reluctantly did the 11.0.3 update and now the battery life on my phone is horrible. When do we get a fix?? 😡
1215591,Dear @115858 the new update is messing with my phone freezing it and I don’t appreciate it. Y’all sice with the record screen but the rest...,@405240 We want you to enjoy your iPhone. DM us more info and we'll take it from there. https://t.co/GDrqU22YpT,Dear the new update is messing with my phone freezing it and I don’t appreciate it. Y’all sice with the record screen but the rest...
2373292,@AppleSupport You helped me with a password issue but wiped out my entire keychain-after telling me that wouldn't happen. Any way to recover it?,@684679 We'd like to look into this a bit further. DM us what device you're using. https://t.co/GDrqU22YpT,You helped me with a password issue but wiped out my entire keychain-after telling me that wouldn't happen. Any way to recover it?
2675419,Lost Keyboard on my 7 Plus. Tried Restore also.Still the problem is there. What the hell is wrong with ios 11. @115858 @258625 @170480 https://t.co/RQDEy1p7gP,"@176408 We can work together to figure this out. It looks like you're using Safari, does this happen with other app as well?",Lost Keyboard on my 7 Plus. Tried Restore also.Still the problem is there. What the hell is wrong with ios 11.
487940,@AppleSupport iOS 11 and my battery totally sucks but costs wayyyy to much to fix,@231142 You can update to the newest version iOS 11.1.2. You want to make sure to back up your iPhone before updating. This article explains how: https://t.co/4f8hwT5to6,iOS 11 and my battery totally sucks but costs wayyyy to much to fix
746061,"@AppleSupport the update sucks, can’t pause podcasts or spoilt with earphones anymore, what the hell ste ye doing",@298349 We'll help. Please send us a DM. https://t.co/GDrqU22YpT,"the update sucks, can’t pause podcasts or spoilt with earphones anymore, what the hell ste ye doing"
687970,@115858 yo...trying to listen to my Apple Music while twittering and it suddenly cuts off.. WTH? Been having issues with the new iPhone IOS.,@284323 Let's have a look at this together. Can you please DM us? https://t.co/GDrqU22YpT,yo...trying to listen to my Apple Music while twittering and it suddenly cuts off.. WTH? Been having issues with the new iPhone IOS.
2910511,@AppleSupport cleared my browser history and now I’m getting a WebKit error. All the forums online say to clear the history and it solves the issues but I still have continued problems.,@320208 We're happy to help. What device are you using and on what application do you get that error message? Let us know to continue.,cleared my browser history and now I’m getting a WebKit error. All the forums online say to clear the history and it solves the issues but I still have continued problems.
561794,"@AppleSupport what kind of card do I need to get into the app store, not for music. Just for in app purchases?","@251463 That's a great question. Although there isn't a payment method specific to in-app purchases, you can use any method mentioned here: https://t.co/QlgvVVFJem","what kind of card do I need to get into the app store, not for music. Just for in app purchases?"
766258,@AppleSupport No and yes.,@303129 Got it. Go ahead and DM us some more details about the calling issues and we can work together on this.,No and yes.
1973666,@AppleSupport It used to be fine though?,"@303536 When you disconnect from Wi-Fi and only use cellular, does the issue persist? Do any other albums display this issue?",It used to be fine though?
1705349,Yo @AppleSupport you need to fix this damn “I️ = A?” thing because now I’m flustered,@516891 Here’s what you can do to work around the issue until it’s fixed in a future software update: https://t.co/xXaXeeSRt9,Yo you need to fix this damn “I️ = A?” thing because now I’m flustered
1900119,@AppleSupport @116333 bought 2 iphones from flipkart.Just the question is will i get service at apple store near me if i get some problem?,@260539 We are always here to support your Apple products! To check your warranty status of a device visit: https://t.co/SyUHdUSsjJ,bought 2 iphones from flipkart.Just the question is will i get service at apple store near me if i get some problem?
188663,Y has this been happening to me @AppleSupport https://t.co/oZbW2C7De0,@141589 We're here to help. We'd like to know how are you connected to the internet? Are you using a Wi-Fi network or cellular data?,Y has this been happening to me
1711261,Hey @AppleSupport what the H is up? I️ I️ I️ I️ I️,@518385 Here’s what you can do to work around the issue until it’s fixed in a future software update: https://t.co/xXaXeeSRt9,Hey what the H is up? I️ I️ I️ I️ I️
386218,@115858 @118721 really is the biggest pile of shit I’ve ever seen. Syncing a new iPad should be easy but not with this POS.,@207436 Let us help you! What kind of issues are you having when trying to sync with iTunes? Are you getting an error in iTunes?,really is the biggest pile of shit I’ve ever seen. Syncing a new iPad should be easy but not with this POS.
1852878,"@AppleSupport Every update of IOS decreases my iphone 6s battery life. Now with 11.0.3 it lasts 90"" at most 👎👎👎",@554483 We're happy to help with your battery. Let's gather some information to work on this. DM us which iPhone you are using. https://t.co/GDrqU22YpT,"Every update of IOS decreases my iphone 6s battery life. Now with 11.0.3 it lasts 90"" at most 👎👎👎"
1394924,"Hey, @AppleSupport, since iOS 11, even with Low Power Mode on the whole time, my battery has drained 42% in 5 hours with little use. 😬😔",@444390 We'd love to help. Do we have iOS 11.0.3 installed? You can check in Settings &gt; General &gt; About.,"Hey, , since iOS 11, even with Low Power Mode on the whole time, my battery has drained 42% in 5 hours with little use. 😬😔"
1427667,@AppleSupport this update keeps freezing my phone!,@451640 We're happy to assist. Which iOS 11 version are you currently running? Go to Settings &gt; General &gt; About for the version.,this update keeps freezing my phone!
2013821,@AppleSupport I was not able to track down any UK contact info using this webpage. Please see below the screenshots for the info that i have on my order. https://t.co/1yevU08nf1,"@588699 Understood. To contact us directly in the UK, you can dial: 0800 107 6285",I was not able to track down any UK contact info using this webpage. Please see below the screenshots for the info that i have on my order.
1327377,@AppleSupport there is a problem that kept showing on my MacBook pro and my iphone6s is that when i play a music it will turn off and on many time by it self also in my mac the iTunes open himself I don’t know how 🤦🏻‍♀️,@429695 We would like to help. Join us in DM with additional details to get started: https://t.co/GDrqU22YpT,there is a problem that kept showing on my MacBook pro and my iphone6s is that when i play a music it will turn off and on many time by it self also in my mac the iTunes open himself I don’t know how 🤦🏻‍♀️
82006,Hey @AppleSupport my friend had her iPhone battery explode and you don't seem to care. Poor form! https://t.co/QJaUpwg7w6,"@134148 Thank you for reaching out to us. Please send us a DM, so we can gather more information about this. https://t.co/GDrqU22YpT",Hey my friend had her iPhone battery explode and you don't seem to care. Poor form!
1531301,@AppleSupport y’all fix this I️ I issue yet?,@464522 We'd like to work toward a solution with you. DM us and we'll get started. https://t.co/GDrqU22YpT,y’all fix this I️ I issue yet?
1734491,@115858 I just cracked my phone and I’m so depressed about it.,@523787 We'd love to help. Please click here to join us in DM and provide us with your location. https://t.co/GDrqU22YpT,I just cracked my phone and I’m so depressed about it.
61297,@AppleSupport my shit not updating,@130034 We want to help. What device is having issues updating? What is the currently installed operating system?,my shit not updating
1501954,@AppleSupport iPhone 6s Plus. I use Amx in Supermarkets. It worked very well before. I can open amx but machine doesn’t recognize it.,@468619 Have you updated all the way to iOS 11.1. You can view the version in Settings&gt;General&gt;About. https://t.co/GDrqU22YpT,iPhone 6s Plus. I use Amx in Supermarkets. It worked very well before. I can open amx but machine doesn’t recognize it.
1772894,@AppleSupport if I update to the latest iOS is there a chance I lose all my Apple Music downloads?,@532845 We're happy to help. A backup is recommended before you update to secure your data.,if I update to the latest iOS is there a chance I lose all my Apple Music downloads?
1071016,@AppleSupport iPhone 7Plus,"@372739 Got it, thanks! So we can look closer into this with you, reach out to us in DM and we'll continue from there. https://t.co/GDrqU22YpT",iPhone 7Plus
1890686,@115858 @AppleSupport my screen constantly stops responding until I lock and unlock it again. Is it covered in 1 year warranty?,@404396 We're happy to look into this issue with you. Please DM us if this issue occurs with certain apps or appears system-wide. https://t.co/GDrqU22YpT,my screen constantly stops responding until I lock and unlock it again. Is it covered in 1 year warranty?
1641333,Man fuck these question marks I’m getting fed the fuck up @115858,@501778 Here’s what you can do to work around the issue until it’s fixed in a future software update: https://t.co/xXaXeeSRt9,Man fuck these question marks I’m getting fed the fuck up
1967959,@AppleSupport why is my iPhone 6 Plus lagging so much,@583136 We'd love to help. Please send us a DM and tell us the version of iOS you see under Settings &gt; General &gt; About &gt; Version. https://t.co/GDrqU22YpT,why is my iPhone 6 Plus lagging so much
1024338,@AppleSupport Including the factory made one I got with it. Why is this,"@362408 Rest assured, we're glad to help with your iPhone. To start, let us know if this support guide helps: https://t.co/uqxquyfdn0",Including the factory made one I got with it. Why is this
1524082,"@AppleSupport wenn ich von ‚Flugmodus an‘ zurück auf ‚Flugmodus aus‘ stelle, schaltet sich Blutooth automatisch ungewollt an! 🤔iOS 11.0.3",@473486 We offer support via Twitter in English. Contact us for help in your preferred language here: https://t.co/IBIY3vMgPj,"wenn ich von ‚Flugmodus an‘ zurück auf ‚Flugmodus aus‘ stelle, schaltet sich Blutooth automatisch ungewollt an! 🤔iOS 11.0.3"
2527023,@115858 when y'all gon fix this ??? I'm Deadass TIDE of buying chargers son https://t.co/peabFPwxiw,@580794 Thanks for reaching out. We're here to help. DM us so we can look into this further with you. https://t.co/GDrqU22YpT,when y'all gon fix this ??? I'm Deadass TIDE of buying chargers son
1795645,For the forst time iOS crashed after the latest update. What’s happening @115858 @AppleSupport,"@539564 We'd love to help. Tell us more details of what you're experiencing. Also, which version of iOS are you running?",For the forst time iOS crashed after the latest update. What’s happening
2375226,@AppleSupport what da hell is I️ ? Can y’all fix this. We all look like retards on any online platforms.,"@415613 We recently released iOS version 11.1.1. This should fix the issue you're seeing. To install this version, make sure to create a back up and update using the steps here: https://t.co/80YRnjDFDk Let us know if we can help with anything else!",what da hell is I️ ? Can y’all fix this. We all look like retards on any online platforms.
2432880,@AppleSupport i have an issue please help,@588699 We'll do our best to help. Provide us with some more details in DM and we'll go from there. https://t.co/GDrqU22YpT,i have an issue please help
1851654,"@AppleSupport Okay so the 2nd album loaded when I restarted the phone, but it got broken up into two separate albums.","@169302 So you only have one of the albums split in half, and another that didn't download at all, correct? Send us a DM to continue. https://t.co/GDrqU2kzhr","Okay so the 2nd album loaded when I restarted the phone, but it got broken up into two separate albums."
2587411,@AppleSupport Why is stuff like this happening in a &lt;1 year old computer?,@179287 We can help with these issues. Please meet us in DM to continue. https://t.co/GDrqU22YpT,Why is stuff like this happening in a &lt;1 year old computer?
1640795,@262392 @115858 @AppleSupport Same with mine...won’t keep a charge!,@501619 We'd really like to opportunity to help you with this issue. Please get in touch with us in DM. https://t.co/GDrqU22YpT,Same with mine...won’t keep a charge!
1760190,"@AppleSupport @200272 @AppleSupport can you please make the solution public!? I'm trying to install the update on an iPad I bought today but I can't: ""Unable to Verify Update - iOS 11.1"". I don't know if you can imagine my frustration at this moment 😡",@128416 We know how important it is to be up to date. Let’s try to complete the update again this morning. Let us know if it works.,"can you please make the solution public!? I'm trying to install the update on an iPad I bought today but I can't: ""Unable to Verify Update - iOS 11.1"". I don't know if you can imagine my frustration at this moment 😡"
2970236,"@AppleSupport ya girl can't update her phone bc apparently there's no more storage but i deleted all my apps and it still won't work, umm???",@819283 We're happy to assist. Which iOS version are you currently running? Go to Settings &gt; General &gt; About for the version.,"ya girl can't update her phone bc apparently there's no more storage but i deleted all my apps and it still won't work, umm???"
1039373,"Getting no service bug on iPhone 6 after ios 11 update. Reset factory settings, confirmed SIN to work in other phones. @115858 @AppleSupport",@365895 Hi. We'd like to help. Have you checked out the steps here: https://t.co/5KootZbxj1 Let us know if this helps.,"Getting no service bug on iPhone 6 after ios 11 update. Reset factory settings, confirmed SIN to work in other phones."
2273962,@115858 when are you guys gonna fix this 🤬 I️ 👈🏽👈🏽👈🏽,@661416 We want to help. Which version of iOS do you have installed on your device? You'll see this in Settings &gt; General &gt; About.,when are you guys gonna fix this 🤬 I️ 👈🏽👈🏽👈🏽
1631228,"@AppleSupport @AppleSupport There isn’t a single hint about that here, you should improve that. https://t.co/4q66S6N66B",@254071 We welcome all feedback on our products and services here: https://t.co/eTPVYVFyd8,"There isn’t a single hint about that here, you should improve that."
2631513,please FIX your mail app @115858 it is absolutely GARBAGE #mad,@743066 Issue with Apple Mail? We can help. Send us a DM with more details on what device you're using and the issue you're having with Mail exactly. https://t.co/GDrqU22YpT,please FIX your mail app it is absolutely GARBAGE #mad
2917323,@AppleSupport Is MacOS High Sierra compatible with Fusion Drives yet? I've been holding off on updating my late 2014 iMac...,@807480 We'd like to help. Here's more about fusion drive: https://t.co/WS6q8gPMqr,Is MacOS High Sierra compatible with Fusion Drives yet? I've been holding off on updating my late 2014 iMac...
1707703,Apple needs to fix this emoji bs cause I️ can’t even type i without it being a question mark @115858 @AppleSupport,@517500 We'd like to help any way we can. Which model is it and what's the OS version installed?,Apple needs to fix this emoji bs cause I️ can’t even type i without it being a question mark
2303991,Swear it seems like apple releases viruses hidden as “updates” to all the old iPhones just so people would be forced to buy the new ones. Yesterday my phone cut off on me telling me I need to charge it... it was at 45%😑btw I have the iphone7 @115858 @AppleSupport,@668518 Thanks for reaching out. We're here to help. DM us so we can look into this further with you. https://t.co/GDrqU22YpT,Swear it seems like apple releases viruses hidden as “updates” to all the old iPhones just so people would be forced to buy the new ones. Yesterday my phone cut off on me telling me I need to charge it... it was at 45%😑btw I have the iphone7
1895465,"@115858 seriously, how bad are your chargers? I've had mine a couple of months with my new phone and it's broke, shall I spend another £25+?",@564972 Being able to charge your iPhone is essential; we'll do all we can to help. Tell us how it broke in DM; we'll get started: https://t.co/GDrqU22YpT,"seriously, how bad are your chargers? I've had mine a couple of months with my new phone and it's broke, shall I spend another £25+?"
1779487,I’m getting sick of @115858 .Every update y’all release for the iPhones gets progressively more retarded and makes my phone freeze constantly,@534660 You're in the right place for help. Let us know in a DM the iOS version number shown in Settings &gt; General &gt; About to start. https://t.co/GDrqU22YpT,I’m getting sick of .Every update y’all release for the iPhones gets progressively more retarded and makes my phone freeze constantly
765,After update #ios1103 no spotify on my lock screen?@AppleSupport,@115870 Thanks for reaching out to us. Are you experiencing the missing app after restating your device?,After update #ios1103 no spotify on my lock screen?
1704682,"Hey @115858, every time I️ try to use the letter I️ it autocorrects to some weird symbols. My question is what the fuck",@516704 Thanks for reaching out. We have a workaround for this here: https://t.co/xXaXeeSRt9 DM us if you still need help. https://t.co/GDrqU22YpT,"Hey , every time I️ try to use the letter I️ it autocorrects to some weird symbols. My question is what the fuck"
2496921,@AppleSupport @115858 explain. https://t.co/fh7X2Hjzxk,@712549 Let's see what we can find to help. Which version of iOS are you using?,explain.
328560,Thanks @AppleSupport iOS 11 has turned my iphone6 into a buggy device ... even with the updates. Very poor testing.,@194341 We want to look into this. DM us more detail and we'll go from there. https://t.co/GDrqU22YpT,Thanks iOS 11 has turned my iphone6 into a buggy device ... even with the updates. Very poor testing.
493547,@AppleSupport I use iMessage now through a US based phone # number but will be out of the country using a different number/SIM for a few weeks will I still be able to send and receive through that US #? Or does that US number get removed as one of my aliases if I'm on a new #?,"@232660 Thanks for reaching out. When the SIM changes to a different number, the old number will be removed. You can still be reached using your Apple ID email address as well as the new number. Be sure to make a backup of your iPhone before you change the SIM.",I use iMessage now through a US based phone # number but will be out of the country using a different number/SIM for a few weeks will I still be able to send and receive through that US #? Or does that US number get removed as one of my aliases if I'm on a new #?
2004671,@115858 fix your shit so I️ can type “I️” with out it correcting to weird symbols on twitter and snap,@592804 We can help you out. Take a gander at the following article and DM us with any questions. Thanks. https://t.co/xXaXeeSRt9 https://t.co/GDrqU22YpT,fix your shit so I️ can type “I️” with out it correcting to weird symbols on twitter and snap
1707016,Urm I would @115858 if your software would let me. I have fibre optic and there's nothing wrong with my router. This is getting tedious https://t.co/iDf63GKSng,@517322 We want to help out. Send us a DM so that we can look at the available options. https://t.co/GDrqU2kzhr,Urm I would if your software would let me. I have fibre optic and there's nothing wrong with my router. This is getting tedious
2520864,"@115858 @AppleSupport Restarting did nothing, removing and reinserting the SIM card also did nothing. I tried a force reset with the home and power buttons and still nothing. This is a fresh restore of iOS 11.1.1. I’m done with Apple, I’ll be taking my business elsewhere.","@613041 We understand your disappointment in this situation. If you change your mind, please send us a DM, and we'll continue to help you get this sorted out. https://t.co/GDrqU22YpT","Restarting did nothing, removing and reinserting the SIM card also did nothing. I tried a force reset with the home and power buttons and still nothing. This is a fresh restore of iOS 11.1.1. I’m done with Apple, I’ll be taking my business elsewhere."
2032810,"@AppleSupport @115858 - how do I track a weight lifting workout on my Apple Watch Series 2 as an Activity""?I feel like I'm not getting credit",@141690 Thanks for reaching out to us. We'd like to help you and look into this further. Please DM us to continue working on this. https://t.co/GDrqU22YpT,"- how do I track a weight lifting workout on my Apple Watch Series 2 as an Activity""?I feel like I'm not getting credit"
2864907,First I.T was the “i” glitch and now my phone keeps changing “it” to I.T @115858 wtfffff,@583336 Let's get you typing as expected. Tell us the version of iOS in Settings &gt; General &gt; About.,First I.T was the “i” glitch and now my phone keeps changing “it” to I.T wtfffff
427414,"@AppleSupport @115858 Team expecting an option in next OS upgrades, to stop only videos getting backed up to icloud!! we prefer 1ly pics 2be backedup to icloud &amp; not oversized videos that eats up storage!",@216654 We love to hear about your ideas. Feel free to share your feedback with us here: https://t.co/eTPVYVFyd8,"Team expecting an option in next OS upgrades, to stop only videos getting backed up to icloud!! we prefer 1ly pics 2be backedup to icloud &amp; not oversized videos that eats up storage!"
2375238,@115858 @AppleSupport please fix they “I️” on the keyboard cause every time I time it it’s shows up funky and it’s annoying as hell I️,"@685150 An update has been released to assist with this issue. If you haven’t yet, please back up your device and update it to iOS 11.1.1. For more info, check out: https://t.co/ui8Itz8ESg",please fix they “I️” on the keyboard cause every time I time it it’s shows up funky and it’s annoying as hell I️
2035623,@AppleSupport why does my WiFi randomly turn on you barnacles,@601823 We'd love to help! Check out this article on how Wi-Fi and Bluetooth work in iOS 11: https://t.co/G7BHuQnDS6 https://t.co/GDrqU22YpT,why does my WiFi randomly turn on you barnacles
2887984,@AppleSupport Just checked n there’s an update for emojis. All good thanks,@800818 Great. Have a good rest of your day.,Just checked n there’s an update for emojis. All good thanks
1657815,when i updated my phone to ios 11.1 my phone become so hot and slowly to move the app fix this please @115858,@505827 We'd be happy to look into this with you. DM us so we can get started. https://t.co/GDrqU22YpT,when i updated my phone to ios 11.1 my phone become so hot and slowly to move the app fix this please
2564188,@AppleSupport who do I contact for Workflow support?,"@727582 Thanks for contacting us, we're here for you. For assistance with this, can you clarify which Workflow app you are referring to?",who do I contact for Workflow support?
1502965,"@AppleSupport As soon as I turn it on, as I say its as if a key is pushed down. I have to remove the keyboard to enable me to unlock the ipad.",@153466 DM us what country or region you're located in and we'll take a further look. https://t.co/GDrqU22YpT,"As soon as I turn it on, as I say its as if a key is pushed down. I have to remove the keyboard to enable me to unlock the ipad."
1712983,"Dear @115858, please fix this I️",@518839 Here’s what you can do to work around the issue until it’s fixed in a future software update: https://t.co/xXaXeeSRt9,"Dear , please fix this I️"
1557837,@481527 @AppleSupport It’s like it’s picking up someone else’s work location and giving it to me. That does not inspire confidence at all.,@290190 We're glad to look into this with you. Do you currently have any calendar events that may have this destination in the event details? Let's also check your personal contact entry in the Contacts app. Does it show a work address here?,It’s like it’s picking up someone else’s work location and giving it to me. That does not inspire confidence at all.
593554,@AppleSupport This is extremely dissatisfying. It's been 2 days since I am facing these problems. Have waited long enough for a new update. It's impossible to use the phone this way. Need a solution right away @AppleSupport @27536,"@260543 We definitely understand how that would be challenging, so we're glad to help. Please take a look at this article, which details steps to take if your iPhone is restarting: https://t.co/osZOKKTalm",This is extremely dissatisfying. It's been 2 days since I am facing these problems. Have waited long enough for a new update. It's impossible to use the phone this way. Need a solution right away
463945,Hey @115858 why does Snapchat turn off my music when I’m using my beats X kind of a flaw don’t you think,@225305 That's not what we'd expect to happen. We'll be happy to assist as best we can. When did you see this start to happen? DM us and we'll continue from there. https://t.co/GDrqU22YpT,Hey why does Snapchat turn off my music when I’m using my beats X kind of a flaw don’t you think
388550,"Hey, @115858! Are you doing something to solve #iOS11’s battery drain problem? This problem’s getting on my nerves! Shit! 😡😡😡","@207936 We'd like to help. Which version of iOS 11 in Settings &gt; General &gt; About? Also, take a look here: https://t.co/bivpdfBNJ6","Hey, ! Are you doing something to solve #iOS11’s battery drain problem? This problem’s getting on my nerves! Shit! 😡😡😡"
